id,first_name,last_name,cc_id,address,email,password
961,a,a,941,a1,a@email.com,FtyRb5xxhpiZDJ173iSEWxaoZOcxfJPe+dWdHKzX+srhnY2vpumo9Q62rhWvAmvy
962,b,b,942,b1,b@email.com,7MH2e/xXsmZxqfue2sZeKV2tqQjes65AgNeOpnLWIogKCuKWEtswIvXMZiT+wYi6
963,c,c,943,c1,c@email.com,YjwxDenULaYn7utpAoJ1S8JTGZmMzH48dLA6J/Fdc3IUyi2KDo9Bwf+tTRxPn91k
964,d,d,944,d1,d@email.com,dqre2AW8sfaWKwsmP6HVTLwGs2Et85vCaRVfbGUoLLtbawaRPCXfULzLFdwF1VAv
965,e,e,945,e1,e@email.com,chgJDv/ZlutZYDdccQ0O8FWYns2uJYncYWAwsagFgONQIJRdKsLaVGmqTPIaqLzE
966,f,f,946,f1,f@email.com,FnX6AqH5aieQG6eb4qWnfgb60c1nSXyND3mXGmoNcq6F1s4f9O8jcnO/6XAPcAv6
967,g,g,947,g1,g@email.com,q6HumJ2AvOXTCVKiwWx2eRUwZa2k4NWHY8O4fRJpVsjHpXo0cp+bXQ3wQta2axtD
968,h,h,948,h1,h@email.com,PTafuz99KluBcuTnf7y75hSw8kgaMghYqPYWNmYxqVfx/crZnjG1fXcQbSTpg29A
969,i,i,949,i1,i@email.com,bTCez8vJnirm23PWc4l2W6iIfwNkdTO942SPhscf25Ma2HNRcqhhQbuc40mVx2jB
970,j,j,950,j1,j@email.com,jq9qZU5tAxhjj7e/veDGJNBszmE4VeIY1EGZI02fqTfpVo80Dw/4R+1YYkhjzyc3
971,k,k,951,k1,k@email.com,wNMbxeFR7l+QE262W7DcTtZKP8hYbq5ba0ci7onYANUjSIPfRm0TaxZmUczbHYTS
972,l,l,952,l1,l@email.com,Xrdl6xYEOjnzRkAMb20zgH4fVbqxMeO4iT9il2PZgRtHp89qpHovXtx1UGmNjea1
973,m,m,953,m1,m@email.com,9QyCN6YpNr7g+ufguVHRenf0apaHiJVjO0vFPYD+9N+7yIULlXeGsKpr/7m3fczF
974,n,n,954,n1,n@email.com,EpM2wdDgYKWItnMQ6zkgx49OHUl4wAeaoS9Md9TjIZogt0ArxW+myUGQKiJZ9th5
975,o,o,955,o1,o@email.com,mZM4zTJpWZzUf+ftLdZHiNvrDb3UpiOE6pOueqL49sH/Dd/zdUTklYZ5CAIoTwfY
976,p,p,956,p1,p@email.com,w5+Gro8jK57Zvk1J8GKNE1chx4IU00bvJ8OmSFUocetCEJ79OaBBBHsodeX/VzOo
977,q,q,957,q1,q@email.com,ituxkzchZAoQ86fFx0/3UqKGUwcdcOw4xMv6yhu1wz3dos68nCa9MfSCkzjDGPMd
978,r,r,958,r1,r@email.com,V7D6g2y7IDAaqANwmAqyDAu9sJOluouJ6bGoq0RuNlOQdBJ1h0UVRKGHCwqSH332
979,s,s,959,s1,s@email.com,Bn7efHTj9tm/buEcERp2x2Ra+yCju7i5c+b3vi2z7xogBGEx11IlWXz+b7oUIQM7
980,t,t,960,t1,t@email.com,b4yp3qYCryZZuqXOb2GJvLmR7reNH9GO5yewSdvFFdlIy7Fp49EOsxNmrXn2DLLs
48001,Tom,Park,4800141987432489,"8400 Edinger Ave. Irvine, CA 92647",tshpark@gmail.com,3oD/Y6ItzeiWoPI5caEOSthYAIN8iW3GWAF/l9Tz1SfRAfav1yv3z7cQzp7JVtY5
48002,Andy,Lee,4800212473284793,"1214 Birch St. Irvine, CA 92647",guylee@hanmail.net,2t9hsuYOiWPLqtohLsR3ByhrN3jQ8B/ECn4FSl2riZ2qxcZNwhUxBC7E5a6lyZtc
48003,Brandon,Lee,4800373214947932,"2771 Mesa Verde Dr. Costa Mesa, CA 92626",brandonl@naver.com,si8wuck8DYja1q+TjMSsRiBZ83G1QcRg1X9D+V45m++XdmIYGuBwJislhZnytL8B
48004,Edward,Kim,4800498756431234,"12990 Main St. Irvine, CA 92647",eatarmy@hotmail.com,CT9fuh+ynQOBOFoCUZWKayBAyDXAQF0QpIkZKwU7IJt/HBgPeSOT+a9/qbVgAVEk
48005,Cynthia,Kim,4800598756782958,"7865 Brian Dr. Tustin, CA 92697",cyndi@yahoo.com,z2gEN9VzEYXfnbuHIf3j+GxRh97kuh/fhELcp+FL32VA0izjIExAGcL1A+yaEA1N
48006,Vicky,Park,4800620934570987,"89 Floor St. Tustin, CA 92697",iloveyou@hotmail.com,BSXVGit2bTAkUdeRTJEGitwhsHolc8Vf/SdgF7LlqitFE/8LRmf2lKL4A0e3m/yv
48007,Paul,Stiller,4800702343096754,"8400 Edinger Ave. Irvine, CA 92647",s2000@verizon.net,wtPB8B5fRLZaiZUNiagnvsEMZIly/Ac1R8NOitanCW7MIyfNd4gIJ9ZS5Ov9xpFs
48008,Jina,Park,4800808712349087,"49 Brain pl. Irvine, CA 92626",jinapark@hotmail.com,FQr2FjBmNu/fprE0dYC6OEDVWo8X+udHXl2S3hfAmwqllQZOCgZiZez/KVkfRsvv
48009,Jenny,Parnell,4800923490877865,"5 Amber Dr. Irvine, CA 92697",jennypark@gmail.com,8Z1chFKK78C1CGTFIceu7vF1EurAhfCsjOLqhRyO8xVEKx4u8dUrm91HEjkJzFO0
48010,Shark,Quigly,4801023499871231,"1707 Bear Ave. Costa Mesa, CA 92626",shaky@sbcglobal.net,8trwuSfj9dF3u2cuajIjMh2aVG3r5UOMkv3gdlXymcCV0hPQ2P5xvFJEue9Oef0+
48011,John,Brown,4801190709885432,"3398 Adams Ave. Costa Mesa, CA 92626",brownj@hotmail.com,rJ4bKBlKvoz7+kv0IoppZzd/wmBSsvpGjAdoHVzSyB2+63qsE4suDJB37YVrSy+J
48012,Alex,Kim,4801212187509232,"1017 Bison Rd. #101 Irvine, CA 92697",alexkk@aol.com,2eqhq62T/ad2MkMJ2ABvT7lU84ThMxgxatR9DW3NQxUaHTa5TWL/N3uneziA1k3k
48013,Donald,Dipman,4801312145679808,"1021 Bison Rd. #201 Irvine, CA 92697",srt4donnie@aol.com,H2Nd7VwcFGDITV3UtDlLxI01IP0qG5sg/xghfF1djn8e32Rg/9QM3hoF9AuehH/6
48014,Brian,Hagar,4801409876554534,"1039 Bison Rd. #102 Irvine, CA 92697",brainman@hotmail.com,BcgS7E8Ai9H7G3Fwd2R3uracPLUVGeQOAukLvz3BxiEvlcNZkcKtOhx2q2BXSmDc
48015,Orange,Hallett,4801512089876753,"1043 Bison Rd. #202 Irvine, CA 92697",oranget@verizon.net,Ro6Zh8+wfa599I0j4ZIo6Oc1HQime87BveoDlFKEH+9U3L82+g9mNNFYKx65g2fF
48016,Mathew,Ham,4801690909761232,"678 Organe St. Orange, CA 92645",still@stillen.com,k3IYL1IDYppZp+Hb0xMo1c37rEFPgoemCWn/GqE2TRRnt9KPmTMQ8A+nEugYxdm+
48017,Austin,Parker,4801789706541124,"8721 Magnolia Ave. Huntington Beach, CA 92647",auspak@uci.edu,uvm7qc35K4ww/rDmos55uQgurfY98t5ygTVw+goSFuN2R0SFJtDG9UmKejVkDXsc
48018,Kate,Halse,4801889706548129,"8421 Edinger Ave. T-103 Irvine, CA 92647",halsek@ics.uci.edu,NbbwKdNq+PQj7aGMcAgH3GFwtssqDYT4OLJayfC7b1ZlwrKiLVZMrmFDIRu7toVp
48019,Jay,Schenck,4801945872908763,"2770 Brand St. Huntington Beach, CA 92647",jayguy@hotmail.com,RI6o+nKCZZZCM7c9Hdb6etw2f+ADCann9i0McsQZcVGGynT7q+NdZpxhCaU85hGh
48020,Nick,Stanford,4802009462749848,"23450 Garden Glove Blvd, Garden Glove, CA 92649",nicks@stanford.edu,z0V+SPWXCUdwYv3j9ajypbr+5k0LUj8wbxxBbGbWl4ifl/vciMNMDet9kZZXfqpK
48021,Henderson,Irvine,4802187498768349,"1033 Bison Rd. #1003 Irvine, CA 92697",heyhey@hotmail.com,OE1Si+WeKCP/uOauP7i+kPVAosZJNijRgPNh9X8rb7B5J+Qrq/0ZXk4bvNGhXlOh
48022,George,Saxton,4802279874387189,"1045 Bison Rd. #1100 Irvine, CA 92697",bushssh@aol.com,sq9b+ckItkCWDVJOtyREBL6djpD4efy96vfhPocmxLwIGfYOS06opYTs80McbT5s
48023,Ryan,Chen,4802398174032113,"1002 Bison Rd. #2100 Irvine, CA 92697",chenr@ics.uci.edu,B2a9wL7EL7C1nxbERKkXW/PK0xLskx0AiDbzAU+goWXQvWB042RdCNaxVrnxFL82
107001,Terry,Schnider,107001,"346 Maple St.",tmit@aol.com,y3y573vCGXDjje0bDmjz/tetWL2/kOE03JvmcUivohwQeZDiFyq04nlakqnPy8B1
107002,Jake,Daniels,107002,"53 Forest St.",jdan@yahoo.com,fubP/tD8RU06M4ZptMgMXzqhE6tK3RLVXsboFUuq7zcqT85OqX0UpzqIi0ZKXp6h
107003,Dan,Mori,107003,"235 Pine St.",dmor@gmail.com,Jl4Ef5HjZhWgT4rqaRYxY5B2ugbN6BPznfIDUcOrbMCHtxk7LR7gloyz/oSUB5Hy
107004,Tina,Cho,107004,"22 1st St.",tcho@aol.com,K1HBaEi9NZB6ra4Dknk5JEWtvRA7X3PwQo1SMCcyqB7wzgZHREWFCyRPZ8QSnj/f
107005,Sherry,Berry,107005,"1234 32nd St.",sber@msn.com,2PxlFkYfUR5dgxFyHO/6+sgl7ztf/ouwxd8L9/Cv1PeWfhDa1r6CoW425l1IqIrO
107006,Keri,Rowe,107006,"7543 Newport Ave.",krow@msn.com,fkrxpX9UPBdhTCKn4kBxZbF/doFhJkFwws2m4xPw5E+iYtCZmbmTxq62gnk7CMGt
107007,Mike,Franklin,107007,"345 Walnut Dr.",mfra@aol.com,1JljIUYMB1DFY/hnxq2ynVLJLaUpqbwDc2+xerds4lWXwhvNqP5w10LtCLi8NTx9
107008,Brian,Hamilton,107008,"8762 Irvine Blvd.",bham@yahoo.com,OUbyRgmuHwXKDlmgNRVmb3fxB2QVNmsSYUOKgT/kQYKyOPc0jLG75RRVwKA62aJJ
107009,David,Tanaka,107009,"2213 Rainbow Blvd.",dtan@aol.com,ScY2XMSLEvxY3hvv1vMagvjOw3/lavAzQ6Klq5bjH6qg0oxXl86Si48v/BinG6/z
107010,Justin,Patel,107010,"4365 Bridge St.",jpat@hotmail.com,/f/EPVQxZ9JVr2+zRP8xerZ4a1LCJJXAN8LdVcBbPHZWzZeQLyUY4Yv4/0iOnOjK
107011,Derrick,Dun,107011,"3452 Alton Dr.",ddun@msn.com,WIrYI0axGGzhBgfdprP7IqWSiA6nXS3LNAt+53G4QCsgpw1xte98heNPuubD8F5Y
107012,Henry,Michaels,107012,"543 Swan Ave.",hmic@msn.com,3ypdAds4Up6T01vwLAc8jtGHuC4lDHKalTYNVRjD4wi1EWBG1oJqbvpmx9gMjeYA
107013,Kristi,Apple,107013,"5681 Bristol St.",kapp@yahoo.com,ZJ71jUXdYW0dlD3Wq31Hx/hqYn6g6fhsCKnGQIM81RsRQWwd0eceSQd89JDbXQ59
107014,Greg,Stuart,107014,"6751 Red Hill Dr.",gstu@aol.com,EbNpOAb0BnzZYidujBAlXOFfmDEir4nODWdQ38nISAp+PgfPPB6h/Zp8oKEYu7/5
107016,Kim,Chee,107016,"1535 Birch St.",kche@earthlink.net,UGUJ0D6qx22cfWixKUM/NLMh+Z3QMcfpeRoJFg4hk3o4jz/rTXBhJV+dac0Y1zIb
107017,Kristin,Choi,107017,"9180 Campus Dr.",kcho@hotmail.com,+YA8hsR1CecU/M4megxQq+RMGKDS6c0MVsUf6SRHOslU2loH8ekGnGxgetrNTYKH
107018,Anna,Lee,107018,"6510 Culver St.",alee@aol.com,faZ+SekWvlbpqZlPGtO8B7AFPmD9quI+qNoF+r+bK407G10Jd603ERt8RoD0n24M
107019,Robert,Little,107019,"5122 Jeffrey Blvd.",rlit@aol.com,2eXST8KlnIE0eyMWM/2aTraJyszLWdg/uCi6mrGShRVOlGLoesNC+px3yWpZSsDT
107020,Johnny,Chang,107020,"4982 Corona Dr.",jcha@hotmail.com,r0ZXSG1RixbOUzHi17XqZ3ms62UzW3TtO2Tq2jAXL5YSeaxIlJmHI0hCNOZ/wluP
135001,Jackie,Brown,1351234512345123451,"16 Carbonara",jbrown@yahoo.com,3zHk9ZZyTT/vwbARbBTJVUhOft0p/QG5TgYTI8zlXEaRs7aw9fVCF139RDrmTtXg
135002,Janet,Trink,1354895485215896548,"4873 Canton Way",jtrink@hotmail.com,WZ5Ui0OF1/UAR+d41pmblD4SjLsZiEoMi6hZXXITj8NrM6fybKTiYQGEFC2cY0iE
135003,Bob,Jacobs,1351465859655326987,"2398 Trinkle Ave",bjacobs@gmail.com,z3NPg2GI1yxJ2yDv4IPLTv908vMmoH53RQPZDlcEoB7bJ4/6/gIWBzYWb7mWQdMq
135004,Joe,Martinez,1351564897565485455,"987 Main St",jjil@google.com,kc/UontsWHsJIJWUyyDoCoO/FgsOrwOXBxFhePbyRkY0hpstCSbz161q5U3ns9Ve
135005,Frank,Rizzo,1356858558612344868,"4303 Jackson",frankie@munez.com,nDW6u6flSpT7jq21lxluCuZx9c/1ElvRxKnMhK65Ya8SSOLfIMGCeANxGbvuabO9
135006,Billy,Bob,1353579516489567411,"21 Fruitdale",Bob@rox.com,QBUD+Xo21ySPwoSYIwWvPH4nb13NQNvvD6mRuMo9sac3SGZE8abi/OTpcLLsAxj8
135007,Lloyd,Webber,1351236966685974785,"290 Olandish",web@taster.com,kLm15lAyF5bmA7z/Szx3MqR+0BuSN8raEhsfaJrIcl2efQ2WEv8Po28NjGpF8TZ2
135008,Wilbur,Cox,1352245887366458896,"6548 Giante Way",cox@cox.net,mplJdY7NxCagIQzxukNpV/a+hMs/372+RAMmQwRWrdwZgHMXjFV78dRGCuNqmKY8
135009,Harry,Potter,1356543987465431235,"254 Venetto",potting@soil.com,PvFR8o3ne45P9E5QJ8FGFX3bPF9lqN8PG2kKA2ps01ZJWVlpEgafrmHSk8FQJRdR
135010,Bart,Simpson,1359845651298453245,"12 Harvard Ave",bSimp@nebraska.net,lNatRpBRl9FZxpdV+oJnx15M7S+RinVXuf/Hxb5KZaQZYv9NWJ0TQZaYmpgILM05
135011,Lisa,Kudrow,1351594489526154859,"897 Harvest",jackk_01@msn.com,rPuUPo9JAI8cM+WsyRIXlbn2rY6CWmFQszm3Yhx58z9XY4fzgII8n0XSXKWEM23/
135012,Homer,Martin,1359865326587542154,"893 Sedona",martin@act.com,bPo5aAjd3Y+mK8i7/YviZrWg3RkzFBUN4zvQv+pA7LGcbNuJKVdnZH4Mhy5+JMGb
135013,Richard,Watcher,1357485859641525263,"99882 A Street",richard.watcher@sbc.com,SyEo7uuHRwqL21+SNFMipqybDKKZet+V8nNZnMCBlVIF+Gj20vTEqkNBr5VMF36w
135014,Pedro,Wilson,1356352419685748596,"847 SW 3rd Street",peety@andromeda.com,Z6mgZeBbXP5O4ht9JQY9pnIKTwmBAME9oDU1ppxCej7G3cCGSX7izi8Ls9oWC7go
135015,Napolean,Carson,1359874563125648987,"33 Hillcrest",cartme@jingle.com,l95d2wKRy65uZn917ah3HVBnXEcMBCtxzLldewSb47oaHv4RiHzNQpRwbkDScjT9
135016,Robert,Tange,1354895123485674896,"9970 Redwood",tange@hotmail.com,2fycF1cmjbZ9souRovU/6y+N6l1f1udKvpyWE16YrocHDteeBKP+9ytQAXSOyAyL
135017,Shane,Stewart,1351566345587445856,"943 Euclid",stewwie@oleander.net,u4ZTp5t0OeuqL23jchkPim66X3sIjARxvIjrs327rVvgddH1z5t7DgeyRowE78oV
135018,Martha,Matthews,1359846518947563489,"3889 Harbor",m.matthews@microsoft.com,JaIF3ukQkhqFHIiADNDOqjKTsrU0Ff1zbbvIaI113r+mMsvYGA2GuscS9IrsvIZw
135019,Joey,Larson,1351594897535684893,"338 Archer Terrace",jlarson@email.com,BXDVqN/tvIumrc3iRuua37aUA2qg4e2WCm0A2l1VtQUW0cs4NE0l0AXF2nHvL2dj
135020,Fred,Terrance,1351597784565853325,"156 MainPlace Ave",terry@hope.com,fcZYB5aoSoPmrknWP+e7HNGK5wwpYXIhAg7ju6Si1qkpQ/UOqbsK2e71PmkqpvSX
140124,Scott,Gold,140124,"1345 Lenis Drive",scottgold@email.com,0xMidPHX8dJileq0HmouQfgOoJQJ1EHgc3fi9Cd38EXmAGPsXYmMQRmSHRppSwxr
140125,Tyler,Marshall,140125,"435 Main Street",tms@gmail.com,BAbphwhm/HRhJpBX/AzVQ9xe49bveFSKPDIS7mHg9b+kUDH3J2xdGFAMrcxdvqC+
140126,Evelyn,Iritani,140126,"47654 Main Street",eve@latimes.com,mu2I4gbK+9oC5U+45z/n7AJJ2NfdZeaGiwJmMHGDF44JR/p1K333gz9ET1bHqzhS
140127,Marla,Dickenson,140127,"2345 Main Street",dickenson@amazon.com,LvUNsIdCOvER6ve7jbynlAWOwAb+wia9wSgwdGTTb7QbskzZoLJz25Fujoh8FXUA
140128,Richard,Serano,140128,"345787 Main Street",rich@gmail.com,vmEV+2o5V2LCCBOACujqhvsRwqWbLCm6k4mFyQCdbswhsnqFX2bdDKn15c28ymIv
140129,Janet,Hook,140129,"567332 Main Street",jhook@gmail.com,3y6IDWwle43o7PwOvbnKkdbobGqARutOrnAaa9muwRSoVXhM+MEQoJtIiOlW9l4K
140130,Chris,Kraul,140130,"7865 Main Street",ck@ck.com,izyx4q8kg9/LusYXz2uKw8v6qoxNGg8d6+JyDv7YmT4pXMdUKfEjGzFatokqfmhQ
140131,Mark,Barabak,140131,"65743 Main Street",mark@gmail.com,9hq6D96iUlDM5vNWIgcHZio/jGKoLPpTTgtlWPLpouogYT9ohoRxRO5J7LpKoFJ7
140132,Jonathan,Peterson,140132,"245223 Main Street",jp@morgan.net,nXUK+rwMl160Oq3PNwLLWuygqZ39qENPE5DHfWQlD4g+DW5igy83nhXO0cXuTuhQ
140133,Leslie,Ernest,140133,"6526 Main Street",slkd@fsl.com,aZ4ym6/9f3qWsK9LYnvfNTWnCkz2DVLoxQJV1stdNCWRhdjwLzKgr373vm9yhayZ
140134,Don,Bartletti,140134,"89656 Main Street",don@gmail.com,UtWbyLNwh7rjSiuKYEGMT1A15OoXC1mT1n5XnqVqITAI1QA1Pn6I49tbVealBw48
140135,James,Flanigan,140135,"45 Main Street",jf@gmail.com,h9ElsiAp+p04WEy+0pLMyLiNVJ7H5MAnVA5CHY+/PTms/1hLv3noJk8HO+utQJCg
140136,Liz,Weston,140136,"34567 Main Street",liz@microsoft.com,zvX/uWOi3hVO+McEGohsZFQdRwFseryRP8SWgGXtTtUkABBD1LlrdJ0W5H9X3u07
140137,Kathy,Kristof,140137,"23568 Main Street",kathy@hotmail.com,yZRC9m5c5sU1UVbz0ae6Y4Mwi8Z1eo5o8etcUT4gmubeL3Pl1mrRHTAkpSPckO65
140138,Ken,Hively,140138,"075 Main Street",hively@kensworld.com,coo19uWzHYm3V+CJB5NWMEnqRiFf0+WJ+lWlwEE2fnG+I/K6hTzFljP877jtQ0CP
140139,Martin,Paravato,140139,"123354 Main Street",martin@gmail.com,CiWvh49zEP9G7A0DwM23+YXVXnR15g5IhHMm7a5r3+6dy8l1TXKOJXjR7jMwe4xP
140140,John,Smith,140140,"132234 Main Street",jsmith@jane.com,zvbSJstB/hVmcHTXU+5em7mZuc25kqnDtbsfoo45gmq+kCCtPhJT/x3ACzB11S63
140141,Tom,Robertson,140141,"1111234 Main Street",tom@l.com,v5pE9+CSKHJDwS3gVfJb+SSiUaWMildlCk+E+oKb5M5C5FmJl3oaZ7ooIpYHgn7v
140142,James,Rainly,140142,"2452 Main Street",james@rainly.com,mlJliSV4LPjLZSpLjnpdCte97WqK/82MnhfVWTcLJBFACSTDScBVDfwxWi9Akbss
150001,Frank,Parker,98859312428636453511,"4324 St. College Blvd., Anaheim, CA",Parker234@aol.com,uJMiG3PZljJhgSCHEh5UL3+weGwIvtbyjfWcCt3ZeOvZJp6ExXl1lwfDl2FKyN5l
156001,Jason,Liu,156001,"384 orange, Irvine, CA, 92618",bol@uci.edu,IqbeVIhKiRWC07tGcnOFp9A8kl3QIAsLuqq8pfdcEOTfDAEazhFKQtU3h7qTKij9
156002,"Yin Yee",Lai,156002,"123 Big driveway, Irvine, CA, 92618",yinyeelai@uci.edu,ZisDI4UbnmeyS0pZVP88jZ2W/RmRAPql4915LUScBlOY6/6Q3gQflQagGop1OKxD
156003,Yoong,Chia,156003,"45 Small Driveway, Irvine, CA, 92618",yoongchia@uci.edu,e4wvY48d3Q3DqFHQuVghmJTI7UT/2pCz1GFM41SK4CncOGFjs5SIq9VKlmBYP8SK
156005,Susan,Liu,156005,"524 parkwest lane, Irvine, CA, 92618",susanliu@uci.edu,yOD37+n8Nzs7SO2vxVS70czD+kzKEkFmYR3lVo0qqcM1dpmYDI9VPIcBDP+Y/Dip
156006,Connie,Hom,156006,"361 church street, Pasadena, CA, 91785",conniehom@cpp.edu,xJQ7eVlWXfj0EqXEzvv9I0qhbhr3VBTOtqy8XIObTwMqY/Y0cBvrCvcy6Nl1XIsN
156007,Steve,Ng,156007,"384 orange blossom, Irvine, CA, 92618",steveng@uci.edu,ReWM0h8eJxZh0xqja++PkbzYyYZBvqLIZS86tpHovSJZycdcxqOXXbQHoq1sve3C
156008,Wes,Chen,156008,"384 orange blossom, Irvine, CA, 92618",WesChen@uci.edu,cavsD8kaQhmLis8TsKk5gsOQO6JkewqJZhadpaKQe2eJUKHolPO2J/cOtlObpmJ3
156009,James,Liu,156009,"344 halifax, temple City, CA, 91780",jamesliu@yahoo.com,ND0ZTZYV2i15RBrR7yupca4RCar4pNMT4YoFB21C+sEDKkK3JnOd2sUabDmrrjms
156010,Jenny,Wu,156010,"3445 halifax, Temple City, CA, 91780",landdinc@hotmail.com,NyY3UAhIgWrxo7sc2aUvZqbz30EOR8xIWsBKpyI9DA1ZlrnOVXPbP+9x25zd38cs
156011,Karen,Wu,156011,"3445 halifax, Temple City, CA, 91780",karenwu@hotmail.com,qhWEQ9LDJ3RDeXUOkOsvz4ShsKxt/tp+WqbMmwlGPbe3gnFnyW8h1RwlvXxbodKd
156012,Matt,Chou,156012,"5534 rich lane, Irvine, CA, 92618",mattchou@hotmail.com,vb3RKmBlCJRCjvZ31O11YEHcdMT20AtdnVwii93yMM44BvzMDNVCGhiMf6hHy0Tu
156013,Maurice,Chou,156013,"5534 rich lane, Irvine, CA, 92618",spongebob@hotmail.com,SD+w4xe9ofWCM+vLibchDTRguK7v7N1lpohQPFRVb+N8WpmotGWoxjY3ovNTmPfD
156014,Gina,Nei,156014,"47478 parkwest lane, Irvine, CA, 92618",ginanei@uci.edu,toR9Nq6+mPAspBH84wOzu145SAU4AvR3b2HgGF1r4jJ4wWIuu/vmt+7DTnuFkW/7
156015,Jenie,Chiu,156015,"47478 parkwest lane, Irvine, CA, 92618",jeniechan@uci.edu,Yhe6AcHWmukYY0Bu7VRJhxxhhaNCXHYkwMjznaCILgeEufPNBLCNRj33Cfw/GUkg
156016,George,Ji,156016,"47478 parkwest lane, Irvine, CA, 92618",georgeji@uci.edu,v45wfxvvbCPUse6cMOBzdW574bYNrJ6oK8E2jKvw2hMYDuQVbnq0ckur3xNlLdRp
156017,Wendy,Hu,156017,"5534 darmeth, Irvine, CA, 92618",wendyhu@uci.edu,RVMO0h697unq4M5JdwHKUMwo9LIu3MSq51H1UCyLHH1L1hPF9Msd7udkQSIdA5BW
156018,Jessie,Feng,156018,"374 Big China, Irvine, CA, 92618",jessieFeng@uci.edu,8FqeJeXiq1RdEU/I8EzHKSKvpL7hWYkMZthjndeiWPyEUzfDZJJMUC8le9xPSeng
156019,Cathy,Zhang,156019,"347 Parkwest lane, Irvine, CA, 92618",cathyzhang@uci.edu,u20DvJnfOJ4SH4S8IRGobStEBrr/WT5FH75d6y0YMXvE9XPGFBUSQAyrX0EFhgQs
156020,Edwin,Coo,156020,"3748 southpas dr, South Pasadena, CA, 91849",edwincoo@hotmail.com,REZMLsGysMcl5ADaFpoRLzjj2j6DXyAsVA/ySa6ARyTz1AStTuNJUIxiMqqnXdAj
217058,Smith,Johson,1704998,"123412 Angas Street",ar@tilae.com,P2W6CssXCliEByioDkQtWA4szOqePAwPWezf6QdBVq5qHMPpcWHdED7l8yg3rn47
217059,Williams,Jones,5389564,"435 Archer Street",naep@czwfhma.lddtif.org,lHw8dBn6qO6cklqdSuMf14aR0cky2i8EWAuYkF0OGfd0DIdfTD9vXO59MJqoYocs
217061,Brown,Davis,8001071,"353 Barton Terrace",jphgh@tut.rejcsryi.sl.edu,y+hr3B1RvOQJ5FPcTCUaWlB3pd0onSaiqcJqpW81AlgwPEliUtVbiNJV/0RbOV4n
217062,Miller,Wilson,1822724,"74574 Grenfell Street",xzqs@bnrgrvg.com,nK6rfTX8STCreamLsfyBea1o9gIEtRPd+F1AyuNhENAVTzquaflFjjAX7N+8Fphr
217063,Taylor,Anderson,1579305,"234 Hanson Street",spjugzk@wkubu.com,Io7pgWv9Q/BnZvUR7NybeSuRKWZZufuBO8oA6FD8OwgK7R0KNvRErUHis8FDdAaH
217064,Thomas,Jackson,7269811,"435 Hill Street",itfk@bgj.edu,6AKsb0PxDZ0VRpafO/Jyva/yDOKfTauXOwpsHxeFUgxRSFY99kjOEwJRnCnVbdQX
217065,White,Harris,5548909,"37354 Gilles Street",a2rv@zrg.com,N8AwmSU5+JlUqP42VnUvpe8KPdADmXEILcxhHGjLbmeO4/Eyhxwbyem6bRRhG/iI
217066,Martin,Thompson,5119888,"3453 Gover Street",opmjnrl@jq.mp.com,LElSZzILIYqDaelqZGmtT+z8s+7ndZKTBYhxl3sSYAHN4gN3QCoLfA98sW1y1H/A
217067,Garcia,Martinez,9912051,"2343 Brown Street",cway@qbpdzxa.jah.sjcg.org,oNOIGUAKuqDd3DOhCTCXCTzN8uKub6AA4AjhxIk7hCXyNSRzW3MHCC88jFQoj1Nq
217069,Rodriguez,Lewis,1541673,"435 Buxton Street",2tlwlc@ajso.com,v/WQNkjQV0gMILN2UYqfaIhIl6CiRXtVGi3ldyS3nOHtfwxxmZIlY2oAa6up1hVA
217070,Lee,Walker,1749986,"415 Button Street",bk@hxu.com,wPProp/ZAqB8uM9dMcoCrWKjyqL/jprVAAh40XJztl81AO+oU5565LYmXMNCGJJP
217072,Young,Hernandez,8909037,"5645 Gouger Street",gja@nuntdtw.edu,E4yBh2xwFX9OEHW1sINzd2Ca7zqVFaOTZE1+/h63jmSU0YnriWoy3uUTTjqkqN+0
217073,King,Wright,4559377,"453 Franklin Street",yod@ravfej.org,fn4Oz9Q8Wcow9TlV2VfTHE43Blr7YmVMJsfoLdL4+YTTBfx9v5bPYU/C9jc0gsUx
217074,Lopez,Hill,7005311,"2342 Gilbert Street",sficlhqf@emesrn.com,Sz18QgmzZ/p4u1Nv59sHTW2Y2n3A8Ss+ZVDWmXQCm0BCwBfl1ntnLmJVQII65Gj9
217075,Scott,Green,7209315,"23423 Currie Street",zwiookct@gzblno.nr.org,z9JDrUANjM/jYNZ6BOEzgyrE/SwxqrJE2Lm3YgZ3BfgOYSLqbfCWajLnWOHrYLC6
217076,Adams,Baker,2726459,"34 Carrington Street",arazafv@bnglr.iqloaxk.edu,W6xAd9M86k9xSXDi0KKcHm6kWkxSFyLP5Er2jTrg6fosaBkMV76Mhj3JVkd8cmXa
217077,Gonzalez,Nelson,2212883,"1615 Childers Street",cwuxvob@dswa.com,vPyH88m4aTuHfk4ghKhXb6KZ1XSBEm2Xwx4cNGUBfyzrS+b0Zu8BulkyN/e+68LL
217078,Carter,Mitchell,3616774,"2341 Grote Street",pwswr@ycvlyvu.edu,niaOKcDUbKb6f07zhaTeewdZANZQN5F6jQgUuvE+pNRmRx05PDmpiGtt6mRqOcMB
259061,Sharon,Chang,259091,"62033 Arroyo Dr, Irvine, CA 92617",schang@wayward.com,Klt+ODxUXHcI8E+y9AAuNDxc+9l+jKfe2KMBSMqPm9DF/e9Qb8AEryLGKYDtjJl1
259062,Melissa,Garcia,259092,"62133 Arroyo Dr, Irvine, CA 92617",mgardia@wayward.com,Qglx+xGzGPZdOiwO5bLOXbUnuzpQWgbJMv/ArwQRSilegkhYoymi8ixGBXiSVjHl
259063,Muy,Sun,259093,"62233 Arroyo Dr, Irvine, CA 92617",msun@wayward.com,ySQTLYIDnkcI3Yn9IiHtz6wRyhx+TYRcXiqTlh2H3ZNzvznhZ2Ktrt7F42/as0je
259064,Robert,Cox,259094,"62333 Arroyo Dr, Irvine, CA 92617",rcox@wayward.com,2+IQrHFTFcpGBWqi9HlKcoQUgoxPCKl9nb9ZC1BK34pNX2czSACfn/MymcY5kwD8
259065,Robert,Bailey,259095,"62433 Arroyo Dr, Irvine, CA 92617",rbailey@wayward.com,eKR7pnhmx20+w6BJpMZFLI1Fe3gsPS9bRF/boe1aXRwQ7qj1Ci6hPKkDwZVc6uCz
259066,Clare,Eugenio,259096,"62533 Arroyo Dr, Irvine, CA 92617",ceugenio@wayward.com,sYA4k7j/2qb2Q9be0iHgrWbdFcJmv3aGyssBIZqZqPbBALVh2LqcfwCeVbfG6CO3
259067,Philip,Tseng,259097,"62633 Arroyo Dr, Irvine, CA 92617",ptseng@wayward.com,ifNFuhIJE+jfUmzx+LBw9mD7N7U/W3cXQIhbbULmddZN5S0Vq+o1cbNh5VNBV4Xk
259068,Will,Hwang,259098,"62733 Arroyo Dr, Irvine, CA 92617",whwang@wayward.com,QkVm/eQNUGAHgb2FHRJdorqLsB0rTZ+Q7u0Xwf2wjCxUoSq+MMBxQyjWBB0Yjvhp
259069,Ben,Gram,259099,"62833 Arroyo Dr, Irvine, CA 92617",bgram@wayward.com,wDL1lFy3vwYl5E0J4enRR0CJ1pSm2xe5o27n8w9/PmXkq4o8TLu59yqRFu/J/M57
259070,Lars,Wright,259100,"62933 Arroyo Dr, Irvine, CA 92617",lwright@wayward.com,IoUWZHHCGqwR0VSiB7A/+b5XWZq8yKPcBDJPK9G4Ie1Q0NT9ZTL1efVtqlFqPv2i
259071,Peter,Liou,259101,"62011 Arroyo Dr, Irvine, CA 92617",pliou@wayward.com,XjBfXQ6lSyRW0wUa4s2MCmtXPpRb9axqNi5l6eqU55pa3+pbeuNrzZNnS6XUR8iU
259072,Jack,Liou,259102,"62022 Arroyo Dr, Irvine, CA 92617",jliou@wayward.com,udo06uC17zqo5ww9nOL7jIFd6ojNlFSz7INQ35fnbRCAjuGiTj1Y2wH8Wo6sNx6N
259073,Ernest,Chu,259103,"62033 Arroyo Dr, Irvine, CA 92617",echu@wayward.com,vggNxlEUBLs3AZATRfbXx5UNGO6HCJwHe02PYbFSZda5RJ/wnnk8utJ/USIEQ5Wc
259074,Terrence,Shay,259104,"62033 Arroyo Dr, Irvine, CA 92617",tshay@wayward.com,nGYU0fk/BsCOTF/OIlkTA+U9jtjft0Y7Z1shMIO9yUBPcoiVhoBZVkC9+VvTwxYm
259075,Grace,Chen,259105,"63033 Arroyo Dr, Irvine, CA 92617",gchen@wayward.com,K4AcVbIzpOwaYcDDK8OHbDpE3NkO5cA7uuObJ/D8gWmpzm0qRM6CcadvUZxVJBub
259076,Michelle,Huang,259106,"63011 Arroyo Dr, Irvine, CA 92617",mhuang@wayward.com,S5ukntEjECTL405mFwD0zekgjVPhKOi+opGdYD2NOwQjMzB8YNEFZL1JzMg3Latr
259077,Karl,Wang,259107,"63022 Arroyo Dr, Irvine, CA 92617",kwang@wayward.com,XlwYiQwpibto+7bBriczmmwC0z6a4fwMgND99+Cyj6C3XQmK7/FnnPOK/Y+fz3n4
259078,Arman,Alimian,259108,"63433 Arroyo Dr, Irvine, CA 92617",aalimian@wayward.com,h+YjwpHhzU8Cuhjm21QKjvWzJ02gqyf7xrR6wWmUloWNgFjmPHWrcJaKQdOnYkQH
259079,David,Alimian,259109,"63522 Arroyo Dr, Irvine, CA 92617",dalimian@wayward.com,gYFT3di47dCyXDGzOdWddarPgrlOElUloYUoAQDwTbl9FNurhJLu4lmY8WQHKdvx
259080,Owais,Ahmed,259110,"63733 Arroyo Dr, Irvine, CA 92617",oahmed@wayward.com,fQ+gwB98zznlImkYf5PGt6EtgQUWd/EGukAcvihVBQ85CA9eI8e9eC0sWRQPXfTi
326501,Sam,Lee,326901,"1 Campus Drive, Irvine, CA 92612",samlee@uci.edu,c/pZ5iHvAgGMCkNfWuM/cF8QAi1/jCZzPNLOO/Mgj9zkvj3arPY0COevMv8grkij
326502,David,Kim,326902,"2 Campus Drive, Irvine, CA 92612",davidkim@uci.edu,q8HcNWFIM1ZHZppKQQjM0nloWEQix3+sAcharNIzTwM/32XR8NAdc+LBoWeQcY+I
326503,Susan,Lin,326903,"3 Campus Drive, Irvine, CA 92612",susanlin@uci.edu,4QVKZxeVKhwSCLRifbcT1QTAkqXDNbHpGeXrxzf3BZSR4Z+yGqWfuZ+aR1jz3mPw
326504,Larry,Liu,326904,"4 Campus Drive, Irvine, CA 92612",larryliu@uci.edu,CAngvWc6NidmAVytUfQuosVOe0iBFpFVLL22+AMYRW41aZU/U/DKoPGxM3TgAI+p
326505,Peter,Chen,326905,"5 Campus Drive, Irvine, CA 92612",peterchen@uci.edu,IIVBopUKRyG9Kpd507c29xv7LHehlhtG8lrMpLaTVz5TqxYgfs48/4k3VBcYQ+kA
326506,Mary,Potter,326906,"6 Campus Drive, Irvine, CA 92612",marypotter@uci.edu,vXaP8mg5YVoY+6wYqnkYn0snvzv+f0Al0mcH4VpkvQW6ZKc3HHwAKN/Sbtmj84qG
326507,Ron,Stevens,326907,"7 Campus Drive, Irvine, CA 92612",ronstevens@uci.edu,mBeeTwCv07PryujF9DQv8/WpGbHaeqgqzpAlTcIEJMulc1RBp9wSgGuJlbLB6rgd
326508,Ted,Clinton,326908,"8 Campus Drive, Irvine, CA 92612",tedclinton@uci.edu,gNyg0x8x2qr9JGM+/6l+BcfptNCiNjKV80dunl3tFcqgJJMm/REWEYkjKvkUc4CW
326509,Zack,Thomas,326909,"9 Campus Drive, Irvine, CA 92612",zackthomas@uci.edu,yybSDZFEzGWNf4vApknu07EOB6qrJ8F2cRPgK+neheVhjoBo0dC5VNEuXNKrmSzn
326510,Curt,Martin,326910,"10 Campus Drive, Irvine, CA 92612",curtmartin@uci.edu,cNFnn8q7l2wlNG7KkqlZwQoowcEXfBjJlXgchqC+tWsyI1WT5NO7VW9HDvrWEoTi
326511,Paul,Pierce,326911,"11 Campus Drive, Irvine, CA 92612",paulpierce@uci.edu,hpIzBr88PiRt8Z6n0DddmqoE6el49T09BR00ZnC1t/7OJ/BnI+ZvnzfoDGCHgrdw
326512,Pat,Brady,326912,"12 Campus Drive, Irvine, CA 92612",patbrady@uci.edu,x3/A6v+3s7T48ImLkNAUhaFhDQyIR+vCXzqDO8XvxDHt20XfNebmesKW8IDZcebf
326513,Tom,Lang,326913,"13 Campus Drive, Irvine, CA 92612",tomlang@uci.edu,5XR1JvcQ/NWBK1aqNW00MdKB67M5wQ2ZZaZPCltTKDEBRUEh5AwM1UKCdRzFiMA8
326514,Rick,Ruth,326914,"14 Campus Drive, Irvine, CA 92612",rickruth@uci.edu,/UdNRPTQl8KDehMwmgJybZYwYkDhGqylN/twtWQOY/M606V5WlUljXcblTFNfyos
326515,Michelle,Sak,326915,"15 Campus Drive, Irvine, CA 92612",michellesak@uci.edu,5UYCCrCtrq0bA9xjtRCJ9jnfTADOD6R2teqZMvXwmFBkAXWqeNiJGrFG+BhRbBjX
326516,Natalie,White,326916,"16 Campus Drive, Irvine, CA 92612",natwhite@uci.edu,4bItCxuAX4xrH/Ubg6CaOctQo48P4en7yt/berGH9HxoyqG2Khb9GUygvv7ZWtoY
326517,Megan,Murphy,326917,"17 Campus Drive, Irvine, CA 92612",meganmurphy@uci.edu,HCcTg9JYLOCpEQbRyi95tUqlIAwL/O36XEvRTTVOkLWQKeS67SdISsMHnL0SFuWn
326518,Charlie,Mann,326918,"18 Campus Drive, Irvine, CA 92612",charliemann@uci.edu,v+owAMg+oH8IK5RhI6TeMXdF+2gGsHavNCYbGZ3fWacIBQU92G0E07uYJ4bxt2Uc
326519,John,Smith,326919,"19 Campus Drive, Irvine, CA 92612",johnsmith@uci.edu,AUcMCQDGfCCBFnvMKcIEq1SIsmYZS3c209vpyVBz8sshVCh3aC62Ne5N9sLjpK7+
326520,Gary,Lake,326920,"20 Campus Drive, Irvine, CA 92612",garylake@uci.edu,XA+UHz0t0b4OsplBv2/0puYDScz1peVF9aKaqr6Ykw3ZoD2gAkzAckGAWJrMiDW5
422701,Tilda,Swinton,422901,"123 Memory Lane",tswinton@isp.com,DlBFjBW5DqXytcHE5fYSWBOSGOXjoQg7SBY+aSxxDxBBytCubgIyxvkAYpw6QErC
422702,Quentin,Crisp,422902,"345 Fast St",qcrsip@isp.com,3lAb9ByZiLnUaILc+FWpfpmgt4zjr7m+KEotQZOh3gWszR7oGO6djmcVsZnOoeDN
422703,Jimmy,Somerville,422903,"352 Memory Lane",jsomer@isp.com,onymaQfcQaZmbfer4sLIOz/9pUi05Potulc9pMtVWAk/7GEJurFce7UEucwWW4uZ
422704,John,Bott,422904,"754 Main Lane",jbott@isp.com,1KRe/RpGR5dt+9sktKZMRoI6EVb+4haxF669+47PzYcvaa0D+TVBR21Pkg6n6nl+
422705,Elaine,Banham,422905,"346 Primrose Dr",eban@isp.com,LCONXMqMudTfC0fiDYMJS6leyZ1UMfVbivHepvG+OaU1TVDOfAgwawaxGjIHmXl2
422706,Anna,Farnworth,422906,"853 Deadend Lane",afarn@isp.com,ARc2wSZLdd9/5TedVU4fSRRByXIKl/a/F+p7gHdqDqympIvUWEt1BIE7TDOBjk0U
422707,Toby,Stephens,422907,"136 Broken Blvd",tstep@isp.com,2pvkkn1ZmmSMRQ93Ve1/MWjeooj+qw6ujt/8yRtGmM9iyTloe/nnZUnbcni30D2Y
422708,Dudley,Beale,422908,"174 Lost St",dbeal@isp.com,1uxbHQhwgg7aMOa+M10tFf2YCXG8MC/lePh3dT0bUggkuCNBn68SHZLbXI73zVbG
422709,Simon,Willis,422909,"838 Orane Circle",swill@isp.com,0+EzGBwRW7g7Frz2rBaLrytabNLySkChYim0wQ/vrtpstMLJRY0DcHxbNhTEFDyc
422710,Matthew,Stepanov,422910,"280 Plantation Park",mstepanov@isp.com,KiWiFgEZLvxQ2BdKLFgOFYlJeQa04bRKmshRV9qRun2VMpKinfVOZGqrtIvJCCZb
490001,James,Brown,490001,"530 White Ave., Los Angeles, CA 91701",jbrown@ics185.edu,bIU+YUimffBYTBNz0TmBEq8zUgFMmH7VtE3Oa5oPWR2ixfDb+Rn/3teFYsNXbw4U
490002,John,Black,490002,"531 Green Ave., Anaheim, CA 92456",jblack@ics185.edu,NP71J0lD+Mqap8cist0aRHHc2qYcqVWTjK9zKxUSBkBSMHXOx0jnXBxaokwuHtKm
490003,Keith,White,490003,"532 Yale Ave., Irvine, CA 92617",kwhite@ics185.edu,Pb+9wFOnN5Y8uHu0mmy2UqBe0/5RrcJex234B4Dpk9mP1NOJvPKDzJ1OVJBKvsyu
490004,Kathy,Smith,490004,"533 Alton Ave., Irvine, CA 92654",ksmith@ics185.edu,CDYMIBi0rQmECrUNH8+B8PJdfr3/P0q0qBwNl3IUK43H687qvXsecCIeISHlYyQj
490005,Jane,Harris,490005,"534 Culver Ave., Orange, CA 92156",jharris@ics185.edu,UtlpMFnMDbd+0xevTicq4nUmTpXy2G4xrLoYeXiM3UD7+gh0eUeBjFKO8kI0FSiN
490006,Bonnie,Clark,490006,"535 Barranca Ave., Irvine, CA 92653",bclark@ics185.edu,YLwLWGmzm+ABRIPXcgwnU1MOXzBnNZodBKjmedS7NgNmO+1g+4wxVzhr2j/IWsik
490007,Jack,Garcia,490007,"536 Campus Ave., Los Angeles, CA 91720",jgarcia@ics185.edu,U6gqgzhNlIGoDtLU6yfCljKZxQgq6+MFmfuJkDVawnnIRRJiuvDau/pZ8Up+kLZs
490008,Connie,Taylor,490008,"537 Orange Ave., Orange, CA 92156",ctaylor@ics185.edu,ZKqbnlSzUudJsgnT6i0n7Pv53XF0364y4u1W1PvI4DOx8RJo8JoNZ/sCKbRq0OFu
490009,Mike,Davis,490009,"538 creek Ave., Tustin, CA 92710",mdavis@ics185.edu,QhnPcZ2LbylttxW6X8IV6EfcZiOfOkQitCXJ8P0ItNaLXcEJDRIsknyCNHEdj//P
490010,Jess,Jackson,490010,"539 Main St., Costa Mesa, CA 92711",jjackson@ics185.edu,1b/K6lj9Se/KNw/99ulBZIWmzABe3+GxpOHkSWJTPoVQtXjPSR66oMh+5J0ikhKH
490011,Cindy,Hall,490011,"540 Creek Ave., Irvine, CA 92704",chall@ics185.edu,EesFHh2ZSXTcowxsQCJIA0iDByVQgTHXzoqD8IM5HpH7nu2sx84kb1U7gBk7eIOC
490012,Catherine,Lee,490012,"541 McGaw St., Laguna Beach, CA 92720",clee@ics185.edu,ahzimagrBrlO01QakIS+yu80dfGQyKpD5/74sLtqkLfXRkvIbLm6gUgPNyL+tmTV
490013,Jane,Johnson,490013,"542 Harvard St., Irvine CA 92711",jjohnson@ics185.edu,PBtSr5cw+iaA+CqR8Dq+ohAq9xj6Hn7HJq6xuzHuOKhcgTEKzQprhSqcxvBca2mL
490014,Fay,Berry,490014,"543 Santa Monica Blvd., Santa Monica, CA 90231",fberry@ics185.edu,4Y+OplXj8926vCMs9Mo8I/1whqMpID1ApHUSMbmrLj8hGDLjSsHVtakhzHs1JLlS
490015,Joyce,Stuart,490015,"544 Cherry Ave., Seal Beach, CA 92615",jstuart@ics185.edu,BizurV7uM7QOh57HWQdNTLmbHT+aDrAxgFKLwiHqqys+3QOL5LIzVp0g7V2p1CSM
490016,David,Rice,490016,"545 El Toro Ave., Laguna Hills, CA 92652",drice@ics185.edu,DTwPw9ibTUqnvGbtri+mYprS4kbApI5V/2hl3kHnwfF23OOp2zHu9LPn1FwwHk97
490017,Kyle,Shaw,490017,"546 Fairview Dr., Costa Mesa, CA 92701",kshaw@ics185.edu,iTrilK+q3GPTNfqrSofHY0s4mPwcyk/V1KjLgtpzOhw2nITi+EoKQzxGor8AdfGu
490018,Kate,Burman,490018,"547 Murphy St., Laguna Woods, CA 92811",kburman@ics185.edu,M3m68JfAU6nYqjQ5bKV1sHCuyd/8ERMsOQh/Gm/O4j8F8olcb9l2ypWhf/17MwOs
490019,Sherry,Milton,490019,"548 Jamboree St., Irvine, CA 92626",smilton@ics185.edu,cl4I3OmAnuuSFzhY6DiVcqZBpL5jO9rifXVF9JDZki9YfnEMMilQ7SGTWnAjYB9S
490020,Bill,Brady,490020,"549 Bryan St., Tustin Ranch, CA 927616",bbrady@ics185.edu,YGU06EkN7VfqFBT7WzO51EZHXlaTVD68gw49fUscHv1QdOsc8a7/8bRJ93o3z56v
492301,crazy,man,492401,"2312 crazy lane",crazy@ics.com,Nd/ISkq3rv18ryK7vE7GTDZgs1y/LP4qkDnt8eZ1j8hTWl/s+2tSrRilzge3DDO/
492302,cool,dude,492402,"134 cool lane",cool@ics.com,056L7tG3Og8JFmKBxUI+vm+qCN2vFJPZhGeTzrXf0JNHEmUMLdhQbfpAHGJ7/5Kk
492303,hobo,man,492403,"534 hobo lane",hobo@ics.com,neeY2yw6oMIReb6+nj4dvcvSrczjSzaiLJcljz+WJrA7azvFgktknzJQNdCnY1m1
492304,jack,surf,492404,"243 jack lane",jack@ics.com,50B+uuN80od+Yoq3nHlkmJ683WfyEDaGPbgxYSo7H83YJga77WARd3TUZUT9XPuD
492305,sam,man,492405,"534 sam lane",sam@ics.com,mzVo50rEKNf7yAQ+ctMk9DyGwPmWyUZ767RK4TBgqdqimNebhgHxl6GYt7pbcBVV
492306,joey,watch,492406,"2342 joey lane",joey@ics.com,P45WSGctpcMMAJUyjn187iWfY081Q8Em1GERvbdDEsqqTIY23pTnTKhvKJUxnjo4
492307,moka,doca,492407,"533 moka lane",moka@ics.com,bgNsI2Fy55aE4l5O+RzoOEmXuYcW3yAJ0h0xw664jFGbxgF96hiYwzu/MdTopBdz
492308,supa,lada,492408,"334 supa lane",supa@ics.com,KMtZZFqvr/26/bfniMOfbzEqI+TGqtTZh+TNJOs0Wwq7CCQPcBbbIXBMRDtS4XGV
492309,gordo,hordo,492409,"545 gordo lane",gordo@ics.com,lkZlbpg69lGW2s0cvtSacQgk8Q7K9GDf8K2c1Cgh9+9dyiQJkkdh2AQ8NY8e88e9
492310,yah,sumo,492410,"535 yah lane",yah@ics.com,BIhwZ+7aVUEzr64COcRimUDf0zgpvt+Ho8dFkiVo3m79vAgN+PmNb81nDL5hOUeA
492311,hay,man,492411,"534 hay lane",hay@ics.com,qODlS5bXSwpW7TjZ3CTjg+P8gItCFXlJcYOasfXhQQmB9rOmpX8Q2FccvUg0vHdl
492312,wilson,tong,492412,"5543 wilson lane",wilson@ics.com,modbLsZNriR+qSffF47ONaI53idRcpRJlvrjC2ypWGvt8/A3UZONJ7F8/GyEkEVr
492313,teddio,kong,492413,"3434 teddio lane",teddio@ics.com,/tha/oH+aVuhFP8HWYVZ5V7tmodpkaUdcLHiCiT9m7P2uPsK0GYaOST62vpmDOqA
492314,spike,moon,492414,"343 spike lane",spike@ics.com,EYIKkqPaCkrPTtcakAMKQ4fDzQ1nkiKbva/F9JEbSmmfev+YnrEe6U0JaCmlrkcR
492315,jet,lim,492415,"4324 jet lane",jet@ics.com,rc799nXz7DcvaQRop6CRJe4mPTo5UiLBNgdVq+ooHuFU3hMXDaNVUpUtcIEM2etq
492316,green,mooch,492416,"334 green drive",green@ics.com,lXMGEbRF1GWr0NFT0BY5FyVOQ+I6TZVPLTalw4lizKy0hp0xoBdUUN8c/6tOVtqC
492317,red,man,492417,"4534 red lane",red@ics.com,0Q8NS0WIsBBZrXans9wjgVFxepRuO43y7JMKhVtkTyGbDZW6opmFqGgTZa6bPEHV
492318,foo,bar,492418,"343 foo lane",foo@ics.com,per3ZCPHNinMpKaWr72xmEHg2E4UahfKtwv5zyF56ksdBrQYUXGQrDovpz8ZmMU0
492319,moo,koo,492419,"3432 moo lane",moo@ics.com,l73XREWlLXuAA/+2BwqWSLonUQTBvJWAQ4n+7eaEeLV8KcTPnt2+OlcKG1cvaMRT
492320,lai,bai,492420,"343 lai lane",lai@ics.com,aconG7bBrL4hn9lOn1asMDpHlJVuSSXyt3676uK5+fluKnatr6Cbe1QfxsxwvIog
525501,Julius,No,5250100010001001,"1 No Way, Crab Key, Jamaica",drno@yahoo.com,lMR4j+1LCHeoW+mlHGsrwSPI8001HIRrB1Ie+ZqW0Gw8joQXn1rHyAC1aojLL2Ky
525502,Red,Grant,5250100010001001,"2 SPECTRE Island, Parts Unknown",captainnash@gmail.com,retMa0mp02JiC7qsmmxjIYrGzhCmqsGf68eF0MCqgZ7yqU23rc4mSlPJF4jYJ4c+
525503,Auric,Goldfinger,5250100010001003,"79 Auric Enterprises Drive, Bern, Switzerland",iluvgold@hotmail.com,GtQZEKMt/70X9FlclI+D84qIaG+9SIxcn1CBG7CoELmxDaqWHgsFXVtSnuAr3rCt
525504,Emilio,Largo,5250100010001004,"P.O. Box 4, Nassau, Bahamas",number2@aol.com,oFrnuHIfINAcpWbnNCkYb+fxS37+daMBUMCBCZo+Vwtz8UUBhKS1roF2vROwEegG
525505,Jack,Bauer,5250100010001005,"24 24th Street, Los Angeles, CA, 90012",jack.bauer@netzero.com,J6HPdRc6YfVv/7+3TmmBrNx8ZtsoRwNAhVKdGnNHuB60M+HG1LmsyHpT6pm8k1YN
525506,Ernst,Blofelt,5250100010001006,"6 Alpen Way, Geneva, Switzerland",countbluschont@msn.com,n7yrWUtWJjnlxh9n/r0yloWfo85UI156C4xSVf8iy65xy3cE8VkcolROadhE1W6E
525507,Irma,Bundt,5250100010001007,"6 Alpen Way, Geneva, Switzerland",irmabundt@msn.com,sAMXUFQYVBqAKqvkCNjKsfqWNWXwv0n7i/Wg/L9nXjF79KXO3tjMH6ZMkv12CqWH
525508,Francisco,Scaramanga,5250100010001008,"P.O. Box 9, Phuket, Thailand",supurfulousmammary@yahoo.com,Bz5ZcTRXBN+8BKzbEMvo8WGx36azumIVxlzNFSBcS6RpcZS9ZdbXu9VWJUeGQwa+
525509,Karl,Stromberg,5250100010001009,"P.O. Box 10, Vienna, Austria",webbedhands@gmail.com,7SJCTek5JNhzYM18o3/duo2b3fhR6JNcvJLoZij1zxfHaYGYDuufZKOf9rRzv72J
525510,Hugo,Drax,5250100010001010,"11 Drax Center, Rio De Janeiro, Brazil",blackorchid@hotmail.com,bsWQKgSHbUDSf7V7/dlgeW72l3PZ4RIqr6rbiWh1aRSwhBg9kDZKLHMXqOd+uiXR
525511,Aristotle,Kristatos,5250100010001011,"12 Monestary Way, Cortina d Ampezzo, Italy",olympicgold@aol.com,MDQtGQmdEW3muucQf6CK4mniJSLuYTHj9yHK6BYEptmnl2gMYGFSe9+LwQYIx0eB
525512,Kamal,Khan,5250100010001012,"13 Palace Drive, Udaipur, India",elephantrider@netzero.com,69eFbdTh4/EmgFOzLY4xenfGsmHkHC8f0pGW8MFowug4Ljl9i0XyLImm90wi9fKc
525513,Max,Zorin,5250100010001013,"P.O. Box 14, Paris, France",siliconvalley@msn.com,yGKUbH2SYKPsa2FkOicDqITrofv5PdZ0JBp7yULxD15svuzzpTYpRpiWlNi7oJNF
525514,Brad,Whitaker,5250100010001014,"15  Whitaker Way, Rabat, Morocco",armsdealer@yahoo.com,i6kWQZPzXeRGpHGnphkJXuZaqcTKXavyak0uzO51e3UmOgVWUb97SX59mDSeOG86
525515,Franz,Sanchez,5250100010001015,"16 Casino Circle, Acupulco, Mexico",ilovemyiguana@gmail.com,q4L8PFB3OEajLQZ/40TMMosE24cenAARbdbzRthhZwCfNArKXL8yT82iUCKTf1+f
525516,Alec,Trevelyan,5250100010001016,"17 Satellite Street, Havana, Cuba",janus@hotmail.com,4CrPGJinKkoK0VfdHMwrZQERZpU5L0n+FDIM6lkMVABE55VrdUp3LF+5LpZDFmef
525517,Elliot,Carver,5250100010001017,"18 CMGN Drive, Berlin, Germany",tomorrowsnews@aol.com,gaYkjHuA3tT3EIaAZ0xveGmx5ByYDPj676tpsIYscGRUrkEe+kYr9v2OZN1+VcwR
525518,Elektra,King,5250100010001018,"19 King Way, Baku, Azerbaijan",daddysransom@netzero.com,gaidAB55qoPzleE0R0xUsqUTzos1NmcfceJC2cQREYdDcXkfKafWhkrDmAyXEnyR
525519,Gustav,Graves,5250100010001019,"20 Mine Road, Reykjavik, Iceland",diamondmine@msn.com,vD824E4s3Lo9xrDwzTXtfrcjvObn+u296OyoPZgCI6+soOhhMPP7BUi38Si5eDq6
525520,Anatol,Gogol,5250100010001020,"1 Red Square, Moscow, Russia",generalgogol@ru.gov,aKZlvg2CDFnHLjIdqIEw5my7P1ymt6/39Ei/2h0WY7n2WBLV5y4Fljh2WD1nn3jD
631001,Steve,Gomez,"6310 0000 0000 0001","6748 Fifth St. Westminster, CA 92682",stevemail@yahoo.com,9yc8I+5ApnZO2yb3lrnQAszDniiD99YuJx4oYxgqOEan/SP9vpBK11rgqMm3d/rd
631002,Wendy,Nguyen,"6310 0000 0000 0002","5600 First St. Westminster, CA 92682",wendymail@yahoo.com,LP1Z2U9gS8i0tRmczhqM8ulB6F6es0cBnWENdNQRBdV/9oc2A1VsQioWLKjaRlu0
631003,Jennifer,Nguyen,"6310 0000 0000 0003","13990 Santa St. Stanton, CA 90680",jennifermail@yahoo.com,y3Jgq25EyHb5P3+EtV7WlQJbyYMUcwhQoSQItDRc+obvyLTMN2nNeuWoQJajVDb0
631004,Hoa,Le,"6310 0000 0000 0004","3321  Lina St. Westminster, CA 92682",hoamail@yahoo.com,d9bfQCN8l7eAzQDEXD49Iru63jejPmQ5tAiW91RqX8PI55Cu0LTDjK8+jpZwqJ9R
631005,Michael,Tran,"6310 0000 0000 0005","1144 Mc Fadden Ave. Westminster, CA 92682",michaelmail@yahoo.com,ti0+mLenOceN1YFp7jiO7iDvJLv1RP7H+wbmBqX1jWaehOd4LheVdSwRQS86d8HB
631006,Huy,Vu,"6310 0000 0000 0006","32456  Lampson Ave. Staton, CA 90680",huymail@yahoo.com,SQ2N406i2R5EKS3F04W9tx0sFCtlVn1jqq5zxpTCWEnzIZ1co0iuRKXx5HWtrOcO
631007,Ricky,Tan,"6310 0000 0000 0007","8890  Laura St. Garden Grove, CA 92840",rickymail@yahoo.com,IfdYl7wx0wykRSw3rPCrYCNaOOdmFbUNrDw2YW4uozaIwK9v8Irg6sPW/7N+R+sz
631008,Mai,Le,"6310 0000 0000 0008","12554  Bolsa St. Westminster, CA 92682",maimail@yahoo.com,L4N9Mwqfmr8Zs79J/YmklL4Yppwv9IiTuAWdTCmJlofqGdjmiVKG4tKRpigRjSSe
631009,Andy,To,"6310 0000 0000 0009","2345  Hazard St. Westminster, CA 92682",andymail@yahoo.com,tnbLpp1u2ctPKPI4wAU2RUrqHkI7Os7DoNHXgLmU9RXPsQHluW3JthJ1Efye0JbZ
631010,Susan,Nguyen,"6310 0000 0000 0010","1739 Trask Ave. Westminster, CA 92682",susanmail@yahoo.com,dcPwT9spy/Z5L1uPB8Yt2/W2bHHQg6W3gpthjp20LGDvqqRzEB+OfI/7aqublJZS
631011,Vicky,Hoang,"6310 0000 0000 0011","2267 Ninth St. Garden Grove, CA 92840",vickymail@yahoo.com,6tdnIwjWQ0dKNc5XlQLOSiZQ4Z6OIScux3CWqbxecwcOaqfFLzcdhiuT181z6ZVl
631012,Tina,Vo,"6310 0000 0000 0012","14221  Beach Ave. Staton, CA 90680",tinamail@yahoo.com,CqjCNKW0qml3TIF6BnSdm4tGvwrNLOzFNk2/F+Oa+kMkblQVECiurHAqnD6KMMb+
631013,Mary,Nguyen,"6310 0000 0000 0013","3456 Edinger Ave. Westminster, CA 92682",marymail@yahoo.com,3+hgzkNsLPmI1co42CQ3l1mKSCPWUz26GvqVEdujIH6xCLb5H8Yi1WHD4nxteulA
631014,Chi,Ngo,"6310 0000 0000 0014","5556  Heil St. Huntington Beach, CA 92161",chimail@yahoo.com,HemjYyHEcX4P+jw6GwnKo7LY7wNgyXUZEn0uVM3kPUGr6bUpcUL8pskDHZ9gALMa
631015,Julie,Le,"6310 0000 0000 0015","7890  Brookhurst Ave. Westminster, CA 92682",juliemail@yahoo.com,EOF4fcix/c/Ux0mEBlXonx5Vid63LE8aj/JoIqyL6FZxCuu0dP2Nl/QVSpFiKfdc
631016,Mindy,Pham,"6310 0000 0000 0016","43121 Magnolia St. Westminster, CA 92682",mindymail@yahoo.com,q36ZSZhjTJjz2Xrj3fRRURwn+aj7p5EcTGppTXqf+ahs7RZwrfA5jr87vhHlT4Wi
631017,Nancy,Nguyen,"6310 0000 0000 0017","9500 College St. Garden Grove, CA 92840",nancymail@yahoo.com,vGJ/Jx/jNAEewc4VcPTNEZRfhT1yoF8F/7T99nwMHRe9sNGkVRQj11Mqb26ESUbF
631018,Tuyet,Tran,"6310 0000 0000 0018","3111  Harbor Ave. Costa Mesa, CA 92611",tuyetmail@yahoo.com,dJ/hHx0Y1jfPsjxA+N2LCIINmT7vVFLUfAteAbWAVMsxhFunT/miqyN1bqYAAJD8
631019,Thuy,Nguyen,"6310 0000 0000 0019","2677 Century St. Garden Grove, CA 92840",thuymail@yahoo.com,rlAibMMdt7We9Asf+POgpXvNjjLkQvjeKE9/1TPkbkuu6vV03qxsXjebh/mt+9o1
631020,Huyen,Lam,"6310 0000 0000 0020","1930  Newhope St. Costa Mesa, CA 92611",huyenmail@yahoo.com,QFjaQAqX9gzUIAvG2ZXZlwRlFSZT3HWE2WSx4xKH+qwC5tQ7efn5UWk8N2wzxmzD
658001,Jasmine,Teng,"2345 6789 8765 4321","29 Street1 Irvine, Ca 92632",JasmineT@yahoo.com,8qiHt1dwvyETj7a62FVYuK60HlQTzvD58wUMWsM35u6Xx+0kilXhN1FsYrYMih9C
658002,Julia,Teng,"1234 5678 9876 5432","73 Street2 Irvine, Ca 92626",JuliaT@yahoo.com,LYjivHsLnu6r2TUo5DWqOAi7mLj3LYg5vukXnj/wHNRuc86epY4bUPItZyNs7kL+
658003,Kimi,Teng,"3456 7898 7654 3212","5600 Mulberry Irvine, Ca 92606",kiwi@yahoo.com,5uXjW+70rQoa3Orua3V5OoB+4q3BwkxrRVDKWMIDslIwYIv02JJoQGCdRmsI641P
658004,Jess,Smith,"5678 9876 5432 1234","3900 Parkview Irvine, Ca 92612",jay@yahoo.com,HQIelSLIbeoK7DkCrr+23CNmabITcR9ezQua6hgSV74uFpyCguS71X59XOoN4Ho3
658005,Cindy,Vo,"6789 8765 4321 1234","3901 Parkview Irvine, Ca 92612",cin@yahoo.com,5qMDZclztt18MbpBozRfNMwLa9xzs583UrUoLQHFRCTGsdaEigr9Ma37GBpGnPQi
658006,Richard,Kang,"0123 4567 8987 6543","55 Infullerton Fullerton, Ca",richman@yahoo.com,Yi5fkX8Faopb5YcJd2PzhP9h02HA2MH1g2QI7S5YoqWz+zBVJglXZZUhTel2v0ZN
658007,Ron,Lim,"7898 7654 3212 3456","7894 Tall Diamond Bar, Ca 98756",ronchi@yahoo.com,TRFxZ3jUlMGk+zG7W7Wb3yqZEE4vPvcMlpH//dx16lw23BQkribEGJiHEwyc5p4N
658008,John,Kim,"9876 5432 1234 5678","1600 Smartie Torrance, Ca 95689",smart@yahoo.com,3FjDrid3GIkVgW3yfFUUosj2EiyJ+YryUrJ7L0tW0dNGpq4QedmWrsHIu6EvLf4t
658009,Kat,Lee,"4567 8987 6543 2123","100 Closest Long Beach, Ca 95959",Katherine@yahoo.com,Jghomls5XblgFXTwjuSvIaJu/pulnQxjFm82sB2lPiW4XDvmzKTEqwZ9bb+3GtqL
658010,Daniel,Im,"8987 6543 2123 4567","13700 Pita Irvine, Ca 92620",Dim@yahoo.com,6iM+Q7pgPPbUpmnx/wUGv8ZThTGdee9KvsKMZDEtP3vdVJBktwiXAsUjkWjV1AjR
658011,Jo,Cho,"2233 4455 6677 8899","100 Party Irvine, Ca 92620",Jomama@yahoo.com,Dyf8qWKQ9EVyzkNgoBr9Wdj1T4UG5tFh8vniKCTBpUpxn5KCruMrq/5KhPUNSCiS
658012,Julie,Chang,"3344 5566 7788 9988","100 Sweetie Garden Grove, Ca 96541",jooolie@yahoo.com,89DtabH/9mw+3Wtn6daiAN0i+yUyIqmCXxPkskA0EeSagfk73StG3vQGFvXKTU2i
658013,Diana,Nguyen,"1122 3344 5566 7788","101 VS St. Irvine, Ca 92612",di@yahoo.com,bMw5qzqrjQCoNUNVmt54HrXYQQqTJJU5MtOOoX7P01SyqJzO71MBAZn7qSEDz4ry
658014,Ricky,Kim,"4455 6677 8899 8877","1234 ICSer Irvine, Ca 92612",rick@yahoo.com,dL2ZOmwykc1UD/FhAMO1bMRme8bxtz+5tetCoE7QidU3/GVkBH6zvbFQjJPtJhgx
658015,Bill,Wang,"0011 2233 4455 6677","321 Donno Lake Forest, Ca 92630",billwang@yahoo.com,iXG2zYCmrWoXupj64y7gJs6PikH0swQXcHlxFltgchdYJzFquC+mG2V1mQXdKbx4
658016,Mike,Lee,"9988 7766 5544 3322","155 Donno Lake Forest, Ca 92630",melee@yahoo.com,mgOzH6gobzefMwMRNkNXgUSperD9Oby7u2MKN/HBMW6p6DjvVsSCn9J5Fc1VY4Xy
658017,Lindsey,Hunter,"8899 8877 6655 4433","99 Cutie Irvine, Ca 92612",lind@yahoo.com,wcBX6TTEbMOtjdTSe9SuxHb6Lk9JO15pGAk65RSxg3QGS3GJP2uM9hzJs/3gAaWJ
658018,Amanda,Smith,"7788 9988 7766 5544","12 Neighbors Lake Forest, Ca 92630",Aman@yahoo.com,GSkLSOZhelnMO9y+v5RsMcNzPqdLD2hgnzD5oDyiGmBmfqLDskGxDTfQue7W3ubl
658019,Jim,Ruiz,"6677 8899 8877 6655","1234 Abcd Irvine, Ca 92612",jimjim@yahoo.com,KcB3HQF7YNiEUdfgwFunW9bc6UpHk3YQmOBIkYm+fB+hP8CLrUoexU9zDNabo+YO
658020,Jeff,Hunter,"5566 7788 9988 7766","56 Street2 Huntington Beach, Ca 98764",jhunter@yahoo.com,kXePVTiTldUQHk8l5UGOix6fkAkjfAsUZq8qw9RCIHWjLS+/te3NctcWzlUSYT0A
671401,Ryan,Kholer,671301,"4 Butterfly",rk@hotmial.com,CnNcv/h7Aa8xPm1lUKk92lEva1uz1sXEiuVcSnH/in0nNhdX4NR5yqUzh8A91v2r
671402,David,James,671302,"14 Nightwing",dj@hotmail.com,vB9bcoqquz0Om5tkwK0ePBB/ne1TYMNcTzi7IV6rpu/dzvrdwR3ZExpZpomrK6WY
671403,Andy,Tsai,671303,"200 Lake Superior",at@hotmail.com,t3BWZ6utHujPQiM1P1YVcN6PMvaZY7/2CFZshRMEyme0emTfZoNJ39J7ZySDRZNv
671404,Liem,Tran,671304,"5 Rostrum",lt@hotmail.com,GB3puMtxhHtzPUyHvur064GoynRMgqCe9cQlxgjrKUNmjtGxGlKBzu8z/kYxu6/Y
671405,Abraham,Lincoln,671305,"1500 Pennsylvania ave.",al@mail.gov,s4gxkY9pxh67CJeaoaWzkymMg5r31e3pzNKH9wltiAJx3gpjes9V1BxQgvRSIlbM
671406,Pete,Rose,671306,"17 Sharbsburg",pr@baseball.com,e9GEsvl/rC5FY/xHaYEvZwfNlFRJRE3Vu9WfNjkhhfg69VxUekT8H6jSgKEH8P1R
671407,Stan,Marsh,671307,"5 Southpark",sm@southpark.org,qkxhYLCemPhdkq+YPLUsZXCOYv5KYUwn8wQ0bi34WGhowxyGNAWNNWal9IDzkD1F
671408,George,Clinton,671308,"6 Losers",gl@helper.net,quijsuQCMea3h6iufg1gKQZMfYmoLQC21/lrU9K36o4Xzxi9p6zJEQN5uzBXogTY
671409,Al,Bundy,671309,"18 Shoe St.",ab@shoester.com,BST4t862RxJCwaSk3+rqGPVrkWx/F5y+brcZWRL4l3luuscS0//ae/qAr84Taqbr
671410,Peggy,Bundy,671310,"18 Shoe St.",pb@shoester.com,pwLJF5FuMzgMoTLjthpC1fvspIrB4zRETECW1YHqOV1SzP+0rW3UYtiSzNVDXv4y
671411,Marcy,Darcy,671311,"16 Shoe St.",md@mwc.net,iXPchDPTr0DK5beOWqE1xl7kJiKGeYuME8xyFMH9tVxEnUz78mR+rYgi5F3MPFjT
671412,Jefferson,Darcy,671312,"16 Shoe St.",jd@mwc.net,SqO/TWAccKngaI+eMsk++Mes0zRwCftxS2IQQrDUGoSewGlyhzQ9MJ5E8veenBHT
671413,Carole,Carlson,671313,"2 College Park",cc1@realtor.com,0g3Mcs9FsmgKKVu7ufc99VhIj0i0v/Jea25jhC8cc1UDcymMC92ypr2Q6GhfSQM/
671414,Carl,Carlson,671314,"2 College Park",cc2@realtor.com,oPjlihHmMrX3tVDio9dE+psUjqrrp3G5s9bH5H/KOe0qY1JdqoUz6Ra2JuWZwPz0
671415,Kevin,Sorbo,671315,"17 Greece",ks@shows.net,0BQOsHdml5kl7knHOfmFTg2NpNjWSZDPHJoYh6cWhyqSVdc0nIWtT7MCsdjq8fWe
671416,Richard,Gomez,671316,"123 Fake St.",rg@realgood.com,DlCL4LHOpghfGuPlFfd/gsC/o2OKcxjbs162IjAM8ytKwdN1hfV2z2nCgEGC89mX
671417,Dave,Chapelle,671317,"1 Rick James Way",dc@comedycentral.com,sv4bgpkvijn1v8FvqMovEjSFVRXwKSb41nNm6uY4pCssf5XRcHdgo/oFiFfC8bM2
671418,Crystal,Silver,671318,"132 Target",cs@steam.com,YQevYIpA0vkIRue16qELnVY3giWtoIZle5mU7vLuR27Twr8AB9aZJX29pVpaiJmK
671419,Rich,Hanchet,671319,"31 Bakers",rh@bsa.com,XcvKyUydyY2o3LfhUHnw3TBeKXSMllC8hYJROqNqu376EDwJCHOude+5pCg1MToT
671420,Pepper,Metsger,671320,"2 Funky Town",pm@soda.org,/adkEDKkMfkDC13iQnRFfOjCjpLYVdG350O/Tncz/Vl+ps5j1HDzmZsw13iKDJfr
683001,Rick,Carter,6831232434544301,"382 Preston Ave. Phoenix, AZ 85007",rcarter@yahoo.com,6DCW1ATpk4GjQCQbajktO3T71jQ6YPHdrabaqYq9HqTm0fcnhRuJRpjMNYvIdCGJ
683002,Elizabeth,Barnes,6831232434544302,"23 Meadowbrook Lane San Jose, CA 95125",beth23@gmail.com,j/4gYCWAK4a8pMJDdVwJyy7KcBBD7Oammg/t7rDE/s+GQcX/YCsSzZIzzEiElcEa
683003,Howard,Nelson,6831232434544303,"1884 Cherrywood Dr. Dallas, TX 75240",nelsonh@hotmail.com,RPLIXBQb7nO30LnT++7ByLucExsa+Bv+eGRvqD0Ky2qBfwh3EOB4DfMGDi49xHUg
683004,Dustin,Collins,6831232434544304,"594 Hawkcreek St. Miami, FL 33127",dusty83@mail.com,BwmDvUv3izpcssWbw5rVGRCBeL6YeBLL504zZprmcBIvVJBmivCAI3GJSjGyt5Eq
683005,Shawn,Miller,6831232434544305,"4 Harbor Ct. Chicago, IL 60803",shawnm@sbcglobal.net,ZZEmWpcd7z7vsvxOSYYzdp6iPa0kEhg4b83bvZEOgBm5LRSSfLLvMLExLhxQ8KRO
683006,Kevin,Peterson,6831232434544306,"1148 Richards Blvd. Sacramento, CA 95814",kp0204@earthlink.net,jjcKzmmu8WOFocH3vP3LGaz0FbXw+jmGmyCTscjXHPgAUdTlCSk9YEwnVPngNLs/
683007,Lauren,Jones,6831232434544307,"819 Sands Ave. Las Vegas, NV 89109",ljones99@verizon.net,pwLZcMOZL1B25N3edT0EfQnERDIGX28zjpEkaz+9n8lbwlkeIyCf4lXwC+TdXNH/
683008,Ashley,Robinson,6831232434544308,"13204 W. 42nd St. New York, NY 10152",arob2576@yahoo.com,doHYxh9NUEwf5oWqqfJtKKYsUtWEjB0oMuU2gKX6vHwNfCmBdupKkmcQOIlrv6Y8
683009,Nick,Sweeney,6831232434544309,"520 N. Highland Ave. Hollywood, CA 90028",sweeney39@hotmail.com,HZV5bwSZEezRFB0Y15Hvr77q8/gWl101agTuefWUf5Y1MFWwIfx/gG5+94lJkou5
683010,Greg,Thomas,6831232434544310,"713 Valley Oak Dr. Philadelphia, PA 19128",gregthomas92@gmail.com,M9l7awWs8ZgKdOeQR99OdO05kT9kOFsUsH+0dOajO9X1+SVT/hNqJJSPDnHQHyLQ
683011,Anne,Vaughn,6831232434544311,"1485 Larkridge St. Columbus, OH 43219",annie84@aol.com,6MphkMFysU6mHN7WGxWWz3J/LlgLQWGVdWp6ViYXEfM2wPuimBY2OdyQ/bREflIg
683012,Steven,Watson,6831232434544312,"681 Dovecreek Ave. Seattle, WA 98166",stevewatson31@aol.com,Vk67sHrwidDUTGsIMkoRkTkbLChx4Ax8Py2Xo0RP2CO9AiypI/tTEj6g/4EK9rk3
683013,Robert,Davis,6831232434544313,"12 Beaverton Rd. Bend, OR 97707",rdavis1073@yahoo.com,Ogm5rzUMqq/7uh4O7zbr/qnWCAj/U3R15QMg08P6MbDUtZL7tcwMpO5lFtVMevzz
683014,John,Chandler,6831232434544314,"902 Newport Blvd. Costa Mesa, CA 92628",chandler91@sbc.com,NM8Kx7nowgg2IU+4k8L2PQ2mm5EMNVJdOdXU3YtlxCPL9FxPVqQxXyhL+UhwZihx
683015,Karen,Flowers,6831232434544315,"19734 Raymond Ave. Detroit, MI 48232",karenflo35@mail.com,xohUrRvIwVh8ryNQJVNXPVuLD0iVlv7p4L6xjDwU6G6yaxP9oTBR6a1qMihgGnHb
683016,Trisha,Griffin,6831232434544316,"5832 Westland Blvd. Houston, TX 77034",tgriffin61@hotmail.com,BF2uD7zjXa7tHLsu+/OjkBf1dk2NcKiIYT5QNtVQm4m1IpyhVIGJqBTykMr93jd8
683017,Melissa,Hanson,6831232434544317,"168 E. Florence St. Boise, ID 83721",hansonmelissa@gmail.com,ABO+efECUE87efd5lSlpr6l8wj97zMd53Onk3I+rtuFEfmdCCv2vV1jlBV3mxjFC
683018,Richard,Anderson,6831232434544318,"13391 Walnut Dr. New Orleans, LA 70154",richiea67@yahoo.com,1wISGZjGsBvnsLgwFLacLvMBM8bkpaQ9OrgTid+k/kjLZlOuHbTxHTtw23u/Skgl
683019,Rebecca,Evans,6831232434544319,"7019 Marker Ave. Baltimore, MD 21217",beckyevans15@earthlink.net,ZVNEqrvb55QwchsZ/GD4XzapeOsM0G7IV1tkRvJNr/kTtty3f1LYmOoscP4Oub0x
683020,Tim,Knight,6831232434544320,"622 Westin Blvd. St. Paul, Minnesota 55114",timmyk35@mail.com,gj89jYzIDMYuS9Hp3GfnzsW5M+sOq1Ek2Ft/aTLjM7fkfP2Nu5oX4KlpeYuSrTWj
693300,Bob,Jones,693500,"343 Berry Street, Irvine, CA 92612",bobjones@aol.com,hV2fDbi/TIBT3ElSd/Y3ERSipBpQdODyTjA5ZPAYsFBkOb86d86ioSkItXn97Q9q
693301,Casey,Le,693501,"5103 8th Road, Sacramento, CA 90416",caseyle@uci.edu,EOLZ/DacRqNormzlMst47oqB2+h2+O/RKcuKVWGYsu0uNupd12b220YyX+swFN67
693303,Jim,McDonald,693503,"314 10th Street, New York City, NY 10002",mickiejim@aol.com,fow6FPGlhzouNz2QkPQjUSy/RiEUZDHmZvuifLoMRn780UmnKA2q+OKgG7aV+VT4
693304,Samantha,Peters,693504,"9452 Myra Avenue, Cypress, CA 90630",sampeters@cox.net,zEP2ltz998yhNtCsEs91d/9WIHS/8bEBWDdBDfoamUHLMyeshdNGS86pcaNzwiOz
693305,Krystal,Nguyen,693505,"6032 Santa Rosa Street, Newport Beach, CA 90416",knguyen@yahoo.com,i1Q5AoDkkBTzc3Lav0nM59cR/CSPXKEPiOBkvGpzaAxnPooKi1EseUW1j5ho3ydg
693307,Janet,Jackson,693507,"351 Vine, Hollywood, CA 90412",janet@jackson.com,sNgaJ5AtUOEzZN0K23qUJBdU8f8VGSJ/j4OgpZEs+K/MBztLxklrjTkK5PFk5c8l
693308,Justin,Oakley,693508,"2351 Oak Street, Pasadena OR, 43010",oakleysj@blah.com,TFWG0qgPaPrBmeOsgeXfJqQ6cwnkPLl9819sEjGVNosVkk+CdyFahtQ5u4GhOjyp
693309,Paul,Jacobson,693509,"98074 Tired Road, Fontana AK, 33202",pauljacob@home.com,HQRcm8yZ1WXxZCcELHky+QTzPDTkWUtO1PP82i8Fe2fpm3pE/HzTuRRGOPMm3H+j
693311,Sugar,Ray,693511,"2162 Sweet Street, Las Vegas NV, 31522",sweetness@hotmail.com,rRyPg06evzAUHKNMvbTZQV0P2vvzNFcESSZOs//d0WqAqz6bra9DIumrT2e6tmf1
693312,Charles,Barkley,693512,"4657 Old Road, Somewhere AB, 14567",barkley@chicago.com,sx22uD6J5CZE3+2ZkfrL+WbDHBeO7THq9uBuxkplPvtPQdDQqSFG6oIprJFb6mVK
693313,Jenny,Jones,693513,"984 Dunfor Road, West LA CA, 92821",jenny@morningtv.com,sd3/Hr1+p/WMcFp2rzfmflgSz1xy//RIWsNqpVWHRu43ZspARL2bl5F+6TAeTDCp
693314,Tim,Tong,693514,"9878 Buss Road, Tulsa OK, 45677",fish@pet.com,iPRL4yWoOuCrPRXwVg/Q/UA/zYr09+xwZJWQiFttqT/nPze0Xbit2CMU8rdcXjcb
693315,Steve,Harvey,693515,"54962 Hasbeen Road, Portland MI, 44886",steve@notcomedy.com,J928tSjEVu0EAYbqJTbew0/V3FVu8xHjTrJQ/rEE2LF1g38W4CkMMScC/BOTysY0
693316,Ahmad,Khan,693516,"420 Mazaak Road, Denver CO, 12556",akhmad@doc.com,9rsXYfCmlR0Eh8nkm18lE9dyNlkMKz/KXk3ORBEOVbmvWJHM2zRe/WuUkNpLtkc6
693317,Tom,Brady,693517,"222 Pats Road, New Jersy City NJ, 21365",tom@ne.com,FcAOf65zbFhKTBO7Hbr3wDY22cbGxXI6VKKdrXc7tsF3ddMhACkAfnsbAH5me0wr
693318,Dats,It,693518,"321 Enuf Road, Albequerque NM, 34562",done@enuff.com,8K1XlsXxXkbjmiqegJkoU6EKvUDu2sQAd6NaE+mQyQYhEovjNIOdgIBiNxmnFHq2
693319,Martin,Lawrence,693519,"123 Final Road, Irvine CA, 92618",matin@done.com,oEwcpwyqomK+fxWM80uPgMP3wgq/vAlAhOhhF9kvsC04tN0d+h9eyNO/nHa9USIK
755001,Amy,Adams,755001,"101 Anteater Ave, Irvine, CA, 92626 ",aa@aol.com,LZhKEZbila3fvZjGa1FMfvfwjU4hWaXPfp3R7cWF/BzEOzvi/LCgAAp/Okim6b6n
755002,Ben,Bridge,755002,"102 Anteater Ave, Irvine, CA, 92626",bb@netzero.net,Ts5zlDmxRLVgiRqyzlpTz6Mjoasm81KOImL6NDNmrvV3A5y3ue9xPgkPF/EVwZt9
755003,Chris,Carr,755003,"103 Anteater Ave, Irvine, CA, 92626",cc@msn.com,mSJVgGIO8sg/oM7ZxmPL37ydN/3tW0JlS9vjVnjCQv0ytC7M/ymFjhxAADSEUr/c
755004,David,Dolt,755004,"104 Anteater Ave, Irvine, CA, 92626",dd@cnn.com,eEBVNkbyVgCzg2FC6Q0R0SzahHgCSAWPHJQjmfh+MTRWmvtOBS5qRTmqcJARwEiD
755006,Evan,Elliot,755006,"106 Anteater Ave, Irvine, CA, 92626",evan@yahoo.com,6rJcxFxMj1gpUO2liMSwYdUZ/o6ZnawcYX1ajdN92XuZYxzFGfs10Xb8eFRpw9lJ
755007,Frank,Furter,755007,"107 Anteater Ave, Irvine, CA, 92626",ff@aol.com,ALLR+XWIH7WLfqc30W6fUeBWTfYXd3lS4q4YTbgn15X09V4HBWujYfe99YwsSgL0
755008,Grace,Graham,755008,"108 Anteater Ave, Irvine, CA, 92626",gg@netzero.net,mSqPGjhjxqySiRj8lJDt8AUW2QHxNDK8Jfjxu5yjylyFk+YUn7/VclPPRXxys0k3
764001,Bob,Crane,764001,"5465 B Street",bcrane@hotmail.com,QkVY3Uw/L0SDY3cvZE5aoYWIWXHacrSObscK9huUdu+zHVmnfmR3q4PGb74+rNek
764002,Bob,Crab,764002,"4345 Home Drive",bcrab@ho.com,lZfbuXOPLjxbpGusHcvWc371Fata6xUQJQDwWQT+vocZUS12EG3d0lObOs13ub2n
764003,John,Clover,764003,"875 V Street",jcl@yahoo.com,I/mzq6UCl0VFrfEghKmsR5nRGTjWmnuNIpKLTYS/JPli6+hIHiDv2EVwDCzOfioA
764004,John,Doe,764004,"1600 Main Street",jdoe@yahoo.com,4e3M5vD2mwPQotllrYJDHbJdGrPiCup1f+D0DW7Wu8uwABi9IlUAZZ3oHRd7BVoQ
764005,Jesus,Rivera,764005,"345 D Street",jr@ho.com,oZ6vaMzwaURwzURpT6BqBwEu+47zGuRGJatGXrhLQOp8dQUckN33O8ILUoKKSC6U
764007,Tina,Johnson,764007,"2346 L Street",tjohn@home.com,o4PV+bF2/w9ndetvPyurXCy/vy7YgSorOjRIruotC37LWoM7l3KAAjjSpao0Pyla
764008,Richard,Jones,764008,"986 P Street",rjones@hotmail.com,m4BfptdAMQ/fXiQP7n0kziFiEdURtQsYBlHLWOMdnKHJSOiSr2wiDaWcNGqSYsaZ
764009,Bo,Crane,764009,"158 N Street",bobo@yahoo.com,s11vtSykgujf2ryRSWhd/LssRFaIel7NWrHeW0UIlvhwT2SfNjYsQkgcyPfMv80A
764010,Joesph,Rothchild,764010,"5486 R Street",jrot@mail.com,zgouo+3qt9CoD7ABv6kmHbrQoPn3a8oBZ5peAR/rfKv0GL5IpY1P+9MdlDBZhti6
764011,Ashley,Riot,764011,"34351 B Baker Street",ariot@hotmail.com,XxDonyeHSDcElPcu6g4PSiPmqfSxYmUjsukd6m6qXOnqwmManW1EHV3O2ciPEs9l
764012,Scott,Smith,764012,"93936 L Street",ssmith@ho.com,IKhfyAlNTvsuUTTwgCgsrOBsd0wtWcIvstW83IMfUKbpOAlwAsMKj68iPiFQ06pN
764013,Arthur,Pendragon,764013,"7238 R Street",camelot@yahoo.com,kga9bbBkHtMkeokgD5GPJ0lu/xy2crd2nKnTdJlKVJ8OPUDjBKwKyHtJrn7EiVqw
764014,Genivere,"du Lac",764014,"397 Q Street",gen@home.com,a57xziR9UwoMxEUDPUZSSFm8glulnU//9QfNgk6wDPTYLhm0Aj7ktdIvA51futB3
764015,Chen,Li,764015,"654 W Street",cli@mail.com,2xfwwVOR8rdHyguI+qOguTdk2c7dN4fxDP7K6bkkE6p+honnKx619tfS1/rjYTXX
764016,Ken,Brown,764016,"2546 M Street",kbrown@ho.com,9/9dOzwDf0zBQQ4ra+Qgwc0iFeIO+4CJOCfUrSpT5AZlVmMj5jSjLu9xnn72T2uj
764017,Ryu,Lee,764017,"221 B Baker Street",rlee@hotmail.com,oyDVnc4oxyQC3PjeMmXd6ZNyhgoxg5YnbjhBQj7DOTtXzq1HDIme0hPGEJg/ewJ4
764018,Jack,Johnson,764018,"4584 H Street",jj@home.com,U9PSEFT6DgE66p5UiBzOu8pUj9vS1985d0WIyMvNTCO3sqBwFdvaMhG3oYTj3mCa
764019,Ron,Burgundy,764019,"3345 G Street",ron@ho.com,RgWUqSC/rNvYmZCAydSNV6ERh+dzI9pesLJ31n4fcOySbdw3lIM59xgz6c+F7jHw
764020,Elric,Moore,764020,"9823 K Street",emoore@home.com,NbmCm9UZUaD5ofMrjr0oTSrKYj1iQPJjcD+otI4cvztn7y+QltqgRjHxEdsvH+cf
788001,Chen,Li,18558100000018558100,"12345 6th st. Los Angeles CA 90000",forall01@forall.com,/JrXZyX1GXRC2XA3TXowsIiHD7nZSCnX3Cj+tN6bxueq1qsGgQsML8VvjLXcWdPF
855300,Joe,Slorn,855400,"Culver St",jslorn@hotmail.com,PwnMi0oHzfVBjP01cam2RbGkRclCR8vVIkMNfhEgXR6P9gk6f1yg0McjsJP/tP0g
855301,Tiffany,Ino,855401,"One Way Ave",tiff@yahoo.com,dKhldEL8C/Wd1IUjNSPez0Bs2SDCsAadszSPwLhzKoXaUqDKrirPPlScDct5mhiM
855302,Sarina,Paris,855402,"Lama Lane",sarina_paris@gmail.com,hHq1pv1UnOR9oDRcIJFh/hHmKB2d5bx2adDKTdjNZCP0X7OxyEwWOgdwlFj10lUj
855303,Jack,Lee,855403,"Box Street",lee_jack@yahoo.com,oI/OGDR6GGtq3DaHNZZ88At/bFgCSMzgLI0NncbGmbXMTIZbuW+yCAu5jCM/Z1a5
855304,Elaine,Wong,855404,"Fern Ave",ewong@ymca.com,ut2gAhIgR6SgnSJBqDYd8VPMH4H9qbpDWe8RSqEnucMEDpLDt0WbzK0Gf/mshCQb
855305,Carolyn,Smith,855405,"Angus Drive",smittt@movies.edu,Q1vv/KgK+o148oKEicAT4LdteOOfGcidS8qW3673aOWllMyodncoJTZNI3CXlahK
855306,Rainbow,Tom,855406,"Green Street",miss_blue@color.com,FaEbfrsvulHAqXjxPrXPFQp7u+Fxh2f+QjfoKug9kWnxuE+tOn5MfEGDD2UxkTmB
855307,CoCo,Lam,855407,"Michaelson Lane",cocopuffs@sweets.com,i+WB8RBVFXhMaBYPqVIRGYkBL0aFE/58cyKOxS5qw+TBhFM9kvhS7qZjjtx3uDZj
855308,Erik,Jacinto,855408,"Jackson St",erik@hotmail.com,rkWD24+et0SWDJC21qW5oowNP7D8K0+YyhIvP1Det8X6H/4oIgeAyVyoIOmreVbP
855309,Sonya,Malina,855409,"Berry Lane",somalina@yahoo.com,Hj5I2cSnZX7Drw7WUAnqrJ8YI/MDPec3Toz3KXCtVideEHy9dzeZLO3ERce4YqlB
855310,Zachary,Montana,855410,"Cherry St",zachmon@gmail.com,+ksAiZwdWJEhJ02VrzoyxUORdQfFBkzbf8hSQm3L9ps+VsWea8F5LWKIzpNiNaMO
855311,Lanie,Lane,855411,"Apple Drive",lane@metropolis.com,9VxR0tGc7Etb/BnjVV7vQTrD3pFYVC5JKSgWHRGos0meE6Us35OXFKPYB2HFcyYC
855312,Jeffrey,Alavarez,855412,"Kiwi Lane",alavazes@news.com,D0lWDUq+zfs8WQ+6zqhSTkDp85zoIvi890a/GVperdOZxla8C+ma1cBxZCQAi0Zl
855313,Nina,Lee,855413,"Melon Ave",nina_lee@sun.com,14AXLise2g5MNrEWNCIXVgrfSASZ3elMax1DYPrrEdo7yG2qN4BzRsNEhu/O8HL7
855314,Kristy,Tanabe,855414,"Banana Lane",kristy_girl@yahoo.com,urUamL9V8gRzRZVAfkE7pbRFno+DjvxOKwl/4M1u5gfpHTVhjXaONff+SJhmGDYE
855315,Alex,Gupta,855415,"Orange Road",agupta@hotmail.com,pXcWauCWi1zhtqlCCR4ZxzTUocBoVnjSkFl5ZBP5j5aMlfSUtTKho0T9H3iHSc8R
855316,Kat,Islas,855416,"Fuji Drive",cat_meow@gmail.com,H8lTqtaIsir8yqLTTNjwAeCSU24US2JYiIKc08UXLV1f0Y4NWSe+IZddRm3hqfMa
855317,Tina,Roth,855417,"Nectar Ave",tin_tin@tina.com,kW2tmAanRa/P5rDD7PMW//IsGTUWQiTqbOzC9wBO9ij7BmuSNW/Tav2Cir17Fa3i
855318,James,Song,855418,"Grapes Ave",james_song@gmail.com,4+3JsZ3jxfraBoOd9BGKjZKl6hPwZDwtTFfmRSPlHvCurukhVv5KqHiEYVeWMk+V
855319,Tim,Doe,855419,"Stary St",shiny_star@hotmail.com,VFAECoQn/2B64sOEbcsNShqSZ9zga+WDe0QQ1bQRXmReHWBO4yNVycBvoQRoew/y
872001,John,Smith,872001,"123 Fake st. Alhambra, CA, 91803",Jsmith@mail.com,OyyHL2qRrLbuxlcpLFBfF/5WApsNpjy0j9qIdt5y/YzmlQ147L3vcjdd7lElxnsr
872002,Ben,Stine,872002,"123 Alpine way. Montebello, CA, 91456",Bstine@mail.com,macIIkemQhDFQb8rY5S8B2hZ7VO7XBC/e7sgMU6Fd6o0h2g6bXXdDXjz7eNnz8xA
872003,James,Irvine,872003,"123 Naple ave. san Gabriel, CA, 94585",Jirvine@mail.com,8B4vrn/i8+eIItaiXSuQhi3+0cdCBvy1RrsAuLt1fPLvQ0OM2SLX8AvzFIOE8ycX
872004,Robert,Clinton,872004,"123 Street st. East Los Angeles, CA, 95132",Rclinton@mail.com,dAbZh2Pi0T5pcihYXkGPlEtIN3m/By+FRtuMjBDT/ap5F24AFj5wgpXn0SsSgOGU
872005,Bob,Poll,872005,"123 New st. West Los Angeles, CA, 94865",Bpoll@mail.com,nnPQT65TSRjdRBEcI9dDosWoFWT6zjyJAGDxdQ4Any5HJFpSiCDzYwVXx4aKaYLV
872006,Wayne,Johnson,872006,"123 Old st. Los Angeles, CA, 91587",Wjohnson@mail.com,JfWjXv+r66XU3qrLOM96uMb310JUwMY3636UM9hbpiBx/H3gyo0wao64rBuyljSc
872007,Dick,VanDick,872007,"123 Roger st. Irvine, CA, 96523",Dvandick@mail.com,GsGZnvyryHEURpN5Us9nCozq23hRcp1PC5w9tewPcwZLJn3k/A4CAG7VRG2pJAWr
872008,Steven,Mar,872008,"123 Apple st. Anaheim, CA, 94785",Smar@mail.com,pByvr+hHWw40gmx+i4t/4WWDMhq8qRpeAe0oliBaJmwIJ/WfIzB1T5EWoVXpE1ba
872009,Joe,Schmo,872009,"123 Contest st. Fullerton, CA, 94562",JSchmo@mail.com,waMjGH8UzITcIOJIa55LanI1VPGu58vx/RaR2gwCCw1LDqgTO8fyiY3iXuthnEFj
872010,Mario,Lopizo,872010,"123 Revenue st. Costa Mesa, CA, 91478",Mlopizo@mail.com,viWu4DoGtjmipxq/p07dIG4MlY1LEb2tO6DTxNtrGsactGago+fZao+SvxTzC0lk
872011,Brad,Pity,872011,"123 Money st. Santa Ana, CA, 94562",Bpity@mail.com,/5TPfs6jf7mcv8l1Kv6QEyAlGDbIFZp4Q96sPGNei8DsKW35QNYuz+fzCsIUMaen
872012,Mark,Anthony,872012,"123 Corona st. Arcadia, CA, 96542",Manthony@mail.com,1/Df8li+Xx9pHEgRsWpquiTVcAUL8IUpsOclcDLWV7qU7uRn1V6CNE8ykfeYvbjb
872013,Ernest,Chan,872013,"123 New werk st. Monterey Park, CA, 99875",Echan@mail.com,JRhJy3H4+xGPpCi0O0ZcC3BJmsG5/6ObfxbC5yE3NK5lRi26qqE/LTpiOWy16eD4
872014,Henry,Pho,872014,"123 Citadel st. Covina, CA, 97895",Hpho@mail.com,lv7bXdy63Fg67ZifEn2Yhx3PW5Hw+FHRpPwYXFc0gvk8rYLMfau1mCfgCOsxmyid
872015,Roger,Tee,872015,"123 Fast st. Corona, CA, 91234",Rtee@mail.com,/3mf1Fp/WgwoBrEK3M+RJ0Kld/aWwQOti+I4xgMasHZDW8MQEINjRqw4BDMaLgjk
872016,Alan,Wong,872016,"123 Slow st. Ontario, CA, 93264",Awong@mail.com,+UtADr/u3y0Fb7DNwR2T/tfMdxhYtrqy+fYZC/hZmcdTqjfxUQpT623xDXSMiM2W
872017,Aaron,Carter,872017,"123 Strange st. Monte Clair, CA, 98526",Acarter@mail.com,QKkP9JsaWEEy4gDTgHdt4tkqw97NvCEQOl3raAHYgZDXYTkePOxtLI7c8HpVWSJO
872018,Clark,Kent,872018,"123 Cool st. Torrence, CA, 92548",Ckent@mail.com,A+tpp+ynwlzBNJjgohnZKRf++xswutMtuRdqmlcms1S/pXweRpnJFfK3c6cIaa4v
872019,Jose,Cuervo,872019,"123 Perfect st. Rosemead, CA, 96328",Jcuervo@mail.com,yjB+nrYPSTckWwA8ATkrsoRbUQ0+mPS2DtJd6UVfL3mfb1xfH93Wmg+7lTugOLDY
872020,Ken,Doll,872020,"123 Ugly st. West covina, CA, 91235",Kdoll@mail.com,r0sUMlJmmTLgPoIt9QzwFJbQf6DDFE7ATRueAlTqaZn5pHqZzsCErz/3XVmpgPQY
907000,Bob,Kane,3242-3242-1531-6423,"907000 street",jaephaeg@eisheivu.com,LrW97K5BqfHzTMzufcXdqeNNmWr/xob3kD/8Wquqz/c9c8C1Et+TGb+7upBNiaB/
907001,Julius,Schwartz,4622-6423-5133-5723,"907001 street",ibaungoj@aichaiju.com,ZShdsBAcO+7YAODZ02/UY8yU7F3qibr4ZWSILKoT9RCv+aa6aWPXQnfvZzR3YODp
907002,Dennis,Oneil,5235-2422-4521-3111,"907002 street",ahshahli@iqueengi.com,J3d24wAAkGhzPq4GfOH0yNQintZBNf2pKPGEY017/G2V4SpJyb/BvxRuFaj0iYfZ
907003,Frank,Miller,4444-1425-4262-1622,"907003 street",ieyivaeg@eiforier.com,7V2yloG4wqNYkOoNNbuDIWkys3Sm7CGh2w+u3/d03qXm6I3yzr3oiCv5L3foS6Fr
907004,Bill,Finger,1243-4522-2532-2544,"907004 street",deeghuuz@ebeithey.com,OeRXn/AXY0fGyrgcZot4bkAY4x969LAsmRMHo6V8OzbQdZQaohCTZ96KKnNlkhmA
907005,Tim,Drake,3224-2342-2352-5353,"907005 street",axeichac@quengaab.com,94OqpLOgl5PQWGgeCzxPswDFcfa+Go2nSXqRcosm3OWJRdSm6QjrDmJcHgxwVuib
907006,Jason,Todd,5454-2452-2564-4362,"907006 street",noungoow@choyeriw.com,95L40uuNbjYLNNloIvM9Eh4bzY9otZfUBzriJi0vc3AVd+07dydwaSsxEw0EFRfc
907007,Richard,Grayson,8234-4221-3523-4363,"907007 street",faibaegu@vaaquuep.com,ZOX89Ijr66244beL/llYxgynKKM2NsP+rE/81iWtRNzfRYbRFqDevhsxwA1xDNXu
907008,Stephen,Robinson,3234-2535-2312-6942,"907008 street",eihuyaey@aiyaeloo.com,K0AenrCxZzfrEEWkQnvPM5kE54l2o9c2BjelTUHikz5uiId/1PAgIfuQbqy2Hu1i
907009,Neil,Kope,5232-4634-7322-2511,"907009 street",xeinoube@waephiwu.com,lAgS1dP7iKG7Nv+AiRUKR6WCNGLKNGcZjXDnYDn2dR/HEwTgN42XX5pqu/YX/2zk
907010,Brian,Jones,2353-5231-5231-1332,"907010 street",vuapiece@thimohbo.com,ry+O4ozOWvTgst4S7K6JrJG29kiFgN1Uw4TNuwKv1k/kLLOK2VKtZFtftb5Tf9QV
907011,Karl,Karlson,5322-1121-5574-3222,"907011 street",aishoowo@okiengei.com,nV2Y8O/BuzcTNwvYl/pSd8VTeNYxwQ7HI5WTngoiSqgPq0oK4tRbJZFiv6Zy6/ea
907012,Lenny,Lenard,3222-9900-1103-3111,"907012 street",neepeefi@izuboogh.com,J9rYRtcRwkeFkSohtYI0lxQYNjEECI5c7vfsrtgCN5UlfwxN7Lic+mjWXszG6DAU
907013,Al,Geene,6222-1242-5322-4561,"907013 street",lahlaith@iimaveen.com,tgmNG1sEXKzJnEilQk3Lekpp5roieHr6YIshhCbGPMM9twn6ID+R18QL4KwHP77V
907014,Sam,Simon,3923-2352-2822-1249,"907014 street",ootheiph@ataevoci.com,akjS/1iQ38F/deQyRqa7suTEC5+RaIFI8Wi613PDTJT4zB8Cdkhp6rqKKdmtOm3j
907015,Matt,Groening,6436-5723-2353-2522,"907015 street",chedaeth@igaoceuv.com,qzgsd8gNE7skWpnu1H4++kYIgCqIOwE3IoQEeCjyBbqU7jStC8woJcSVrORTTF8Y
907016,Herb,Powell,7532-3256-2521-3574,"907016 street",oikaihon@eeyeshie.com,nHHnl8OQAwiKLvqWxYMQNuz/og+aVwjX9abk24bzoty7ChcmoBGXChSBquyvTRSQ
907017,Nelson,Muntz,3523-6334-6211-9230,"907017 street",athuukai@iingoogu.com,+WkC1D5A0x0lvm4MO3UlYRv8XCI9c8nOPtk22AYkz6H/8PiaVnXxPQQ3vlpnCnWN
907018,Jimbo,Jones,4622-2511-6242-3423,"907018 street",lohgaevo@voonooqu.com,iruQh4AzfOxbS3dhb/b9+/EIEhWb5SznBVsXVlSYLnbcYhUxQkBsHpX6DCHEyHUF
907019,Ralph,Wiggum,6422-6232-6432-1242,"907019 street",biotieva@ahwaixoo.com,eT4QLCqCboZemdSd1Yh6xblw6qc0hj0v7JMCu7jsTn7u1whAA41fdu2p02D3FIj4
973001,Ben,Chu,5689148956321598,"15980 Cornell St Irvine CA 92697",ben.bchu@gmail.com,Qr0dcjQjwJJus6+Jg9Tt2f8ytqR0pm8Ce7ThL524NcXfRfq6hnATpYkHcpiPpfbZ
973002,Doan,Nguyen,3689232956321598,"1320 Edwards St Westminster CA 92297",danny@gmail.com,35wD4k97PaZ7uzCX8YuTW2QXiMB3hQ1Qu52tT7abyGxv+ilifA8oeAwSuEpEw+bL
973003,Dan,Young,1235548915647818,"33570 Kragen Dr El Monte CA 91297",dyoung@gmail.com,4zK14YrnvpK6idIwvRtpaaZZ2HFjvT76sS7z28TfdRoibr+xtgvRfVha6OdTL+dl
973004,Mike,Erickson,9874628578494014,"6289 Banyan Ave Palmdale CA 93217",mikee@gmail.com,hvhXCwhKh1wpP5oCOYEVpJzJMPPcbhOrOKy5Zd/PeTKVj6ZTV/D3icMi547MINPC
973005,Don,Pham,2457986315426978,"33570 Kragen Dr El Monte CA 91297",dpham@gmail.com,j1VQsAEj3mr5BP0bWeSmcPlwLfg38l/QjfQf4zxoQcBVUix3+qWFhZZVXNIxFYDZ
973006,Jon,Boggs,7948512436798570,"4321 Hollywood Blvd Hollywood CA 90245",jboggs@gmail.com,KSzEWMyIyMX7c5uip2tUOIxKcfimIN/ag8O18BWt3ZebRC44mrcNC8RPX5i7EaKW
973007,Kerry,Foy,3829489710250063,"500 Lemon Ave Fullerton CA 92745",kfoy@gmail.com,w532GKOTTYlrqueRjslK9Ml6pkLJHg/eW5kKgI4GvOGPBmPkKy5s+d9EmDsYGn5g
973008,Jimmy,Roberts,9874025788869586,"7849 Wilshire Ave Los Angeles CA 92341",Jroberts@gmail.com,O6yIPdjN3bxE71Q+doX2JUUGYM3zTW9FBigtC4Dacj9ppovdHgn74j28sHSIjPCC
973009,James,Jones,9848200365597482,"10012 Valley Blvd Los Angeles CA 92441",jjones@gmail.com,Rx6xanUVT2IKkQNBwDFR7JILNwMBwR5J7hg+ZpdxuzKiWisdNPTHvkVdxwze+DIf
973010,Karen,Shin,7485213066649874,"701 Jeffrey Rd Irvine CA 92647",kshin@gmail.com,7NhqUXS6M1s/j0gQWV6faLaBoh8N0giOSXYbYJFtbSrGTj7xFL46BYVelgc7x757
973011,Jenny,Cheung,1203450288461478,"421 East Langsing Rd Tustin CA 92657",jcheung@gmail.com,pvgVg9pc4DLAw6UEmmFrbkwVJHcQekOYELe9B/LTBlUoEILqlrn27Qch6FtDsWwf
973012,Cindy,Hwang,8887415962540032,"702 Valinda Ave Orange CA 92747",chwang@gmail.com,rjA4ySk39AtO9VKrmEECjH2DC/sEsNJ2pDWKTTIWDL8SQPHHePJLg+zQMTAV/d+u
973013,Michael,Jordan,8748596620134444,"105 Dear Creek Ave Chino CA 91389",mjordan@gmail.com,3ioX8TCnmldNRVmplasQVb2dmWZiEBJnpavsFqZQytcF6krc9g4+8a3vEK2r6rQs
973014,Houston,Lin,4157777899963025,"392 Harvard Ave Irvine CA 92549",houstonl@gmail.com,mPdc62U/t3B8FmBEwUpoCPrBvm0JJbqTZYHf3xd3axNXyRLwfoJeC7pCvDczD7bS
973015,Jasmine,Lee,4851026894785555,"1547 Cornell St Irvine CA 92534",jasminel@gmail.com,iGLXlNfYUBhdLpucE7qXmYT8/3SFHaTjiofqyJRgRP5ckmsv6ZvUO3c9GU2VsV++
973016,Jessica,Tsao,7414222563089658,"9985 Walnut Ave Irvine CA 92539",jtsao@gmail.com,xmGvaTRblXyx49r+nvaj9wYaPbopUnVD0/AUrY9CsCTfyIr8OoYFMWm/hR90UNUd
973017,Anthony,Standard,4152006589740362,"4875 Cheastnut Dr San Diego CA 98534",astandard@gmail.com,BOgrIAHa8Gir9FYRO/FZbUMCVZ7mman0rjFFctWh2ipSPe7cqVRv1FPbsGYXfTtj
973018,Steve,Tran,1486200347859987,"659 Holly Ave San Pedro CA 94545",stran@gmail.com,+8uCTSAklSRcjG7L1oPw5JHvoYghqad/akrDu9qzhO+Y8dxHwfYDYx2k/50Db5f3
973019,James,Deagan,7418777988852010,"1801 Crenshaw Blvd Los Angeles CA 93392",deagan32@gmail.com,HrYB74UAXDRyyFE/KKy3VYeCEsIDk9CfKcoUhxx3ubM1UC67vPWAfRxRMvCu0gCt
973020,Michelle,Cosley,45169658302161102,"897 Gower St Los Angeles CA 93399",mcosley@gmail.com,jzKUoH9wm0R4sUj0v0PCudqyQC5Xz2TFZYp6tU07NoZ1yUrKIE4osX5yz0dvknhc
